corresponding_id,alias,real_name,old_start,old_end,is_bad_date,start,end
5537,Baron Ashbourne,,1905-02-28,1913-05-22,FALSE,1905-02-28,1913-05-22
NA,Baron Ashley,Anthony Ashley-Cooper,1771-05-28,1811-05-14,FALSE,1771-05-28,1811-05-14
751,Baron Ashley,,1811-05-15,1851-06-02,FALSE,1811-05-15,1851-06-02
2518,Baron Ashley,,1851-06-03,1885-10-01,FALSE,1851-06-03,1885-10-01
4494,Baron Ashley,,1885-10-02,1886-04-13,FALSE,1885-10-02,1886-04-13
12941,Baron Ashley,,1886-04-14,1961-03-25,FALSE,1886-04-14,1961-03-25
7206,Baron Atkinson,,1905-12-19,1932-03-13,FALSE,1905-12-19,1932-03-13
NA,Baron Beauvale,Frederick Lamb,1839-04-20,1848-11-25,FALSE,1839-04-20,1848-11-25
2403,Baron Brabourne,,1905-02-22,1893-02-06,TRUE,1893-02-06,1905-02-22
2403,Baron Brabourne,,1893-02-07,1909-12-29,FALSE,1893-02-07,1909-12-29
2403,Baron Brabourne,,1909-12-30,1905-03-11,TRUE,1905-03-11,1909-12-30
NA,Baron Burghclere,Herbert Colstoun Gardner,1905-03-09,1921-05-06,FALSE,1905-03-09,1921-05-06
NA,Baron Cahir,Richard Butler,1819-01-30,1904-11-22,FALSE,1819-01-30,1904-11-22
2142,Baron Cahir,,1819-01-31,1858-06-22,FALSE,1819-01-31,1858-06-22
3542,Baron Castletown,,1869-12-10,1883-01-22,FALSE,1869-12-10,1883-01-22
5759,Baron Castletown,,1883-01-23,1937-05-29,FALSE,1883-01-23,1937-05-29
6652,Baron Cavendish Of Hardwick,,1764-10-02,1811-07-29,FALSE,1764-10-02,1811-07-29
6482,Baron Cavendish Of Hardwick,,1811-07-30,1858-01-18,FALSE,1811-07-30,1858-01-18
2568,Baron Cavendish Of Hardwick,,1858-01-19,1891-12-21,FALSE,1858-01-19,1891-12-21
4497,Baron Cavendish Of Hardwick,,1891-12-22,1908-03-24,FALSE,1891-12-22,1908-03-24
6427,Baron Cavendish Of Hardwick,,1908-03-25,1938-05-06,FALSE,1908-03-25,1938-05-06
2568,Baron Cavendish Of Keighley,,1834-05-04,1891-12-21,FALSE,1834-05-04,1891-12-21
4497,Baron Cavendish Of Keighley,,1891-12-22,1908-03-24,FALSE,1891-12-22,1908-03-24
6427,Baron Cavendish Of Keighley,,1908-03-25,1938-05-06,FALSE,1908-03-25,1938-05-06
1895,Baron Cawdor,,1821-06-02,1860-11-07,FALSE,1821-06-02,1860-11-07
NA,Baron Cecil,James Cecil,1780-09-20,1823-06-13,FALSE,1780-09-20,1823-06-13
1966,Baron Cecil,,1823-06-14,1868-04-12,FALSE,1823-06-14,1868-04-12
4342,Baron Cecil,,1868-04-13,1903-08-22,FALSE,1868-04-13,1903-08-22
5988,Baron Cecil,,1905-03-17,1905-04-24,FALSE,1905-03-17,1905-04-24
6468,Baron Chaworth,,1831-09-10,1851-03-15,FALSE,1831-09-10,1851-03-15
2645,Baron Chaworth,,1851-03-16,1887-05-26,FALSE,1851-03-16,1887-05-26
12944,Baron Chaworth,,1887-05-27,1929-10-11,FALSE,1887-05-27,1929-10-11
1439,Baron Clanbrassill,,1820-06-30,1870-03-20,FALSE,1820-06-30,1870-03-20
6932,Baron Clanbrassill,,1870-03-21,1880-01-09,FALSE,1870-03-21,1880-01-09
6984,Baron Clanbrassill,,1880-01-10,1897-07-03,FALSE,1880-01-10,1897-07-03
NA,Baron Clanbrassill,William Henry Jocelyn,1897-07-04,1905-03-24,FALSE,1897-07-04,1905-03-24
NA,Baron Claneboye,Frederick Temple Hamilton-Temple-Blackwood,1905-01-23,1902-02-12,TRUE,1902-02-12,1905-01-23
6486,Baron Clements,,1905-01-04,1854-12-31,TRUE,1854-12-31,1905-01-04
6652,Baron Clifford,,1754-12-24,1811-07-29,FALSE,1754-12-24,1811-07-29
6482,Baron Clifford,,1811-07-30,1858-01-18,FALSE,1811-07-30,1858-01-18
6656,Baron Clive,,1794-08-13,1839-05-16,FALSE,1794-08-13,1839-05-16
6656,Baron Clive,,1774-11-22,1839-05-16,FALSE,1774-11-22,1839-05-16
3080,Baron Clive,,1839-05-17,1848-01-17,FALSE,1839-05-17,1848-01-17
3800,Baron Clive,,1848-01-18,1891-05-07,FALSE,1848-01-18,1891-05-07
12939,Baron Clive,,1891-05-08,1952-11-09,FALSE,1891-05-08,1952-11-09
NA,Baron Clonbrock,Luke Dillon,1904-11-29,1904-12-30,FALSE,1904-11-29,1904-12-30
3433,Baron Clonbrock,,1826-12-01,1893-12-04,FALSE,1826-12-01,1893-12-04
12972,Baron Clonbrock,,1893-12-05,1917-05-12,FALSE,1893-12-05,1917-05-12
NA,Baron Cooper,Anthony Ashley-Cooper,1771-05-28,1811-05-14,FALSE,1771-05-28,1811-05-14
751,Baron Cooper,,1811-05-15,1851-06-02,FALSE,1811-05-15,1851-06-02
2518,Baron Cooper,,1851-06-03,1885-10-01,FALSE,1851-06-03,1885-10-01
4494,Baron Cooper,,1885-10-02,1886-04-13,FALSE,1885-10-02,1886-04-13
12941,Baron Cooper,,1886-04-14,1961-03-25,FALSE,1886-04-14,1961-03-25
2817,Baron Cottenham,,1905-01-09,1851-04-29,TRUE,1851-04-29,1905-01-09
5575,Baron Courtney Of Pentwith,,1905-03-20,1918-05-11,FALSE,1905-03-20,1918-05-11
5575,Baron Courtney Of Penwith,,1905-03-20,1918-05-11,FALSE,1905-03-20,1918-05-11
6816,Baron Donoughmore Of Knockloftly,,1788-06-24,1825-08-22,FALSE,1788-06-24,1825-08-22
6695,Baron Donoughmore Of Knockloftly,,1825-08-23,1832-06-29,FALSE,1825-08-23,1832-06-29
NA,Baron Donoughmore Of Knockloftly,Richard John Hely-Hutchinson,1851-08-15,1866-02-22,FALSE,1851-08-15,1866-02-22
6898,Baron Donoughmore Of Knockloftly,,1866-02-23,1900-12-05,FALSE,1866-02-23,1900-12-05
7171,Baron Donoughmore Of Knockloftly,,1900-12-06,1948-10-19,FALSE,1900-12-06,1948-10-19
NA,Baron Dufferin And Claneboye,Frederick Temple Hamilton-Temple-Blackwood,1905-01-14,1902-02-12,TRUE,1902-02-12,1905-01-14
6722,Baron Dunkeron,,1761-05-14,1805-05-07,FALSE,1761-05-14,1805-05-07
6773,Baron Dunkeron,,1805-05-08,1809-11-15,FALSE,1805-05-08,1809-11-15
676,Baron Dunkeron,,1809-11-16,1863-01-31,FALSE,1809-11-16,1863-01-31
3469,Baron Dunkeron,,1863-02-01,1866-07-05,FALSE,1863-02-01,1866-07-05
6899,Baron Dunkeron,,1866-07-06,1927-06-03,FALSE,1866-07-06,1927-06-03
1299,Baron Duoro Of Wellesley,,1809-08-04,1852-08-14,FALSE,1809-08-04,1852-08-14
2556,Baron Duoro Of Wellesley,,1852-08-15,1884-08-13,FALSE,1852-08-15,1884-08-13
5337,Baron Duoro Of Wellesley,,1884-08-14,1900-06-08,FALSE,1884-08-14,1900-06-08
7175,Baron Duoro Of Wellesley,,1900-06-09,1934-06-18,FALSE,1900-06-09,1934-06-18
2322,Baron Ebury,,1905-01-30,1893-11-18,TRUE,1893-11-18,1905-01-30
4951,Baron Ebury,,1893-11-19,1918-11-13,FALSE,1893-11-19,1918-11-13
644,Baron Eldon,,1904-12-03,1838-01-13,TRUE,1838-01-13,1904-12-03
2563,Baron Eldon,,1838-01-14,1854-09-18,FALSE,1838-01-14,1854-09-18
6844,Baron Eldon,,1854-09-19,1905-04-09,FALSE,1854-09-19,1905-04-09
NA,Baron Eldon,John Scott,1905-04-09,1976-10-20,FALSE,1905-04-09,1976-10-20
1875,Baron Ellenborough,,1818-12-14,1871-12-22,FALSE,1818-12-14,1871-12-22
6868,Baron Elphinstone,,1859-05-21,1860-07-19,FALSE,1859-05-21,1860-07-19
7038,Baron Elphinstone,,1905-02-27,1893-01-18,TRUE,1893-01-18,1905-02-27
NA,Baron Elphinstone,Sidney Herbert Buller-Fullerton-Elphinstone,1893-01-19,1955-11-28,FALSE,1893-01-19,1955-11-28
3977,Baron Emly,,1905-02-16,1894-04-20,TRUE,1894-04-20,1905-02-16
7117,Baron Emly,,1894-04-21,1905-04-15,FALSE,1894-04-21,1905-04-15
1391,Baron Farnham,,1823-07-24,1838-09-20,FALSE,1823-07-24,1838-09-20
13020,Baron Farnham,,1838-09-21,1838-10-19,FALSE,1838-09-21,1838-10-19
2909,Baron Farnham,,1838-10-20,1868-08-20,FALSE,1838-10-20,1868-08-20
3593,Baron Farnham,,1868-08-21,1884-06-04,FALSE,1868-08-21,1884-06-04
3801,Baron Farnham,,1884-06-05,1896-10-26,FALSE,1884-06-05,1896-10-26
13021,Baron Farnham,,1896-10-27,1900-11-22,FALSE,1896-10-27,1900-11-22
13022,Baron Farnham,,1900-11-23,1957-02-05,FALSE,1900-11-23,1957-02-05
6674,Baron Fortescue,,1785-07-10,1841-06-16,FALSE,1785-07-10,1841-06-16
1707,Baron Glenelg,,1835-05-05,1866-04-23,FALSE,1835-05-05,1866-04-23
1707,Baron Glenelg,,1835-04-01,1866-04-23,FALSE,1835-04-01,1866-04-23
13017,Baron Grantham,,1904-11-20,1833-03-04,TRUE,1833-03-04,1904-11-20
6677,Baron Grenville,,1790-11-27,1834-01-12,FALSE,1790-11-27,1834-01-12
6679,Baron Grey Of Howick,,1801-06-23,1807-11-14,FALSE,1801-06-23,1807-11-14
1522,Baron Grey Of Howick,,1807-11-14,1845-07-17,FALSE,1807-11-14,1845-07-17
2516,Baron Grey Of Howick,,1845-07-18,1894-10-09,FALSE,1845-07-18,1894-10-09
5118,Baron Grey Of Howick,,1894-10-10,1917-08-29,FALSE,1894-10-10,1917-08-29
4464,Baron Hamilton,,1905-02-28,1900-10-15,TRUE,1900-10-15,1905-02-28
12972,Baron Hamilton,,1900-10-16,1952-06-23,FALSE,1900-10-16,1952-06-23
6732,Baron Harrowby,,1904-11-10,1803-06-20,TRUE,1803-06-20,1904-11-10
1110,Baron Harrowby,,1803-06-21,1809-07-19,FALSE,1803-06-21,1809-07-19
1727,Baron Hatherton,,1905-01-08,1863-05-04,TRUE,1863-05-04,1905-01-08
4037,Baron Hatherton,,1863-05-05,1888-04-02,FALSE,1863-05-05,1888-04-02
5637,Baron Hatherton,,1888-04-03,1905-04-13,FALSE,1888-04-03,1905-04-13
NA,Baron Hawkesbury,Charles Jenkinson,1904-11-20,1803-11-21,TRUE,1803-11-21,1904-11-20
6767,Baron Hawkesbury,,1803-11-22,1828-12-04,FALSE,1803-11-22,1828-12-04
1737,Baron Hawkesbury,,1828-12-05,1851-10-03,FALSE,1828-12-05,1851-10-03
5750,Baron Hawkesbury,,1893-06-24,1907-03-23,FALSE,1893-06-24,1907-03-23
NA,Baron Hawkesbury,Arthur William De Brito Savile Foljambe,1907-03-24,1941-05-15,FALSE,1907-03-24,1941-05-15
NA,Baron Hawkesbury,Robert Jenkinson,1803-11-01,1808-12-18,FALSE,1803-11-01,1808-12-18
4892,Baron Heneage,,1905-03-10,1922-08-10,FALSE,1905-03-10,1922-08-10
6656,Baron Herbert,,1804-05-14,1839-05-16,FALSE,1804-05-14,1839-05-16
3080,Baron Herbert,,1839-05-17,1848-01-17,FALSE,1839-05-17,1848-01-17
3800,Baron Herbert,,1848-01-18,1891-05-07,FALSE,1848-01-18,1891-05-07
12939,Baron Herbert,,1891-05-08,1952-11-09,FALSE,1891-05-08,1952-11-09
6695,Baron Hutchinson Of Alexandria And Knockloftly,,1801-12-05,1832-06-29,FALSE,1801-12-05,1832-06-29
12982,Baron King,,1904-11-27,1905-01-06,FALSE,1904-11-27,1905-01-06
12983,Baron King,,1905-01-06,1905-03-07,FALSE,1905-01-06,1905-03-07
NA,Baron La Poer,George Pippy Beresford,1904-11-03,1800-12-03,TRUE,1800-12-03,1904-11-03
NA,Baron La Poer,Henry De La Poer Beresford,1800-12-04,1826-07-06,FALSE,1800-12-04,1826-07-06
NA,Baron La Poer,Henry De La Poer Beresford,1826-07-07,1859-03-29,FALSE,1826-07-07,1859-03-29
NA,Baron La Poer,John De La Poer Beresford,1859-03-30,1866-11-06,FALSE,1859-03-30,1866-11-06
4948,Baron La Poer,,1866-11-07,1895-10-23,FALSE,1866-11-07,1895-10-23
NA,Baron La Poer,Henry De La Poer Beresford,1895-10-24,1911-12-01,FALSE,1895-10-24,1911-12-01
3777,Baron Lamington,,1905-02-22,1890-02-15,TRUE,1890-02-15,1905-02-22
6321,Baron Lamington,,1890-02-16,1940-09-16,FALSE,1890-02-16,1940-09-16
1080,Baron Leveson Of Stone,,1814-08-12,1846-01-08,FALSE,1814-08-12,1846-01-08
3445,Baron Leveson Of Stone,,1846-01-09,1891-03-31,FALSE,1846-01-09,1891-03-31
7086,Baron Leveson Of Stone,,1891-04-01,1939-07-21,FALSE,1891-04-01,1939-07-21
12975,Baron Lovat,,1905-01-10,1875-06-28,TRUE,1875-06-28,1905-01-10
12976,Baron Lovat,,1875-06-29,1887-09-06,FALSE,1875-06-29,1887-09-06
12977,Baron Lovat,,1887-09-07,1933-02-18,FALSE,1887-09-07,1933-02-18
13017,Baron Lucas,,1833-03-05,1859-11-14,FALSE,1833-03-05,1859-11-14
6848,Baron Lucas,,1905-02-22,1905-07-18,FALSE,1905-02-22,1905-07-18
9996,Baron Lucas,,1905-07-19,1916-11-03,FALSE,1905-07-19,1916-11-03
2569,Baron Lyveden,,1905-02-01,1873-11-10,TRUE,1873-11-10,1905-02-01
13024,Baron Lyveden,,1873-11-11,1900-02-25,FALSE,1873-11-11,1900-02-25
NA,Baron Lyveden,Courtenay Robert Percy Vernon,1900-02-26,1905-04-09,FALSE,1900-02-26,1905-04-09
6805,Baron Melbourne,,1815-08-11,1828-07-22,FALSE,1815-08-11,1828-07-22
1285,Baron Melbourne,,1828-07-23,1848-11-24,FALSE,1828-07-23,1848-11-24
NA,Baron Melbourne,Frederick Lamb,1848-11-25,1853-01-29,FALSE,1848-11-25,1853-01-29
7182,Baron Milner,,1901-05-24,1925-05-13,FALSE,1901-05-24,1925-05-13
6795,Baron Minto,,1904-12-01,1814-06-21,TRUE,1814-06-21,1904-12-01
1318,Baron Minto,,1814-06-22,1859-07-31,FALSE,1814-06-22,1859-07-31
3501,Baron Minto,,1859-08-01,1891-03-17,FALSE,1859-08-01,1891-03-17
12938,Baron Minto,,1891-03-18,1914-03-01,FALSE,1891-03-18,1914-03-01
2102,Baron Mulgrave,,1831-04-08,1863-07-28,FALSE,1831-04-08,1863-07-28
4017,Baron Mulgrave,,1863-07-29,1890-04-03,FALSE,1863-07-29,1890-04-03
NA,Baron Mulgrave,Constantine Charles Henry Phipps,1890-04-04,1932-08-25,FALSE,1890-04-04,1932-08-25
3134,Baron Northbrook,,1905-02-08,1866-09-06,TRUE,1866-09-06,1905-02-08
4528,Baron Northbrook,,1866-09-07,1904-11-15,FALSE,1866-09-07,1904-11-15
5812,Baron Northbrook,,1904-11-16,1929-04-12,FALSE,1904-11-16,1929-04-12
4772,Baron O'hagan,,1905-02-12,1885-02-01,TRUE,1885-02-01,1905-02-12
13025,Baron O'hagan,,1885-02-02,1900-12-13,FALSE,1885-02-02,1900-12-13
13026,Baron O'hagan,,1900-12-14,1961-12-18,FALSE,1900-12-14,1961-12-18
676,Baron Of Kerry And Lixnaw,,1818-07-04,1863-01-31,FALSE,1818-07-04,1863-01-31
3469,Baron Of Kerry And Lixnaw,,1863-02-01,1866-07-05,FALSE,1863-02-01,1866-07-05
6899,Baron Of Kerry And Lixnaw,,1866-07-06,1927-06-03,FALSE,1866-07-06,1927-06-03
2556,Baron Of Mornington,,1863-07-26,1884-08-13,FALSE,1863-07-26,1884-08-13
5337,Baron Of Mornington,,1884-08-14,1900-06-08,FALSE,1884-08-14,1900-06-08
7175,Baron Of Mornington,,1900-06-09,1934-06-18,FALSE,1900-06-09,1934-06-18
2163,Baron Overstone,,1905-01-23,1883-11-17,TRUE,1883-11-17,1905-01-23
7262,Baron Pentland,,1905-03-23,1925-01-11,FALSE,1905-03-23,1925-01-11
1757,Baron Plunket,,1904-12-31,1854-01-05,TRUE,1854-01-05,1904-12-31
NA,Baron Plunket,Thomas Span Plunket,1854-01-06,1905-02-08,FALSE,1854-01-06,1905-02-08
NA,Baron Plunket,John Span Plunket,1905-02-08,1871-04-16,TRUE,1871-04-16,1905-02-08
6327,Baron Plunket,,1871-04-17,1897-04-01,FALSE,1871-04-17,1897-04-01
NA,Baron Plunket,William Lee Plunket,1897-04-02,1920-01-24,FALSE,1897-04-02,1920-01-24
2335,Baron Portman,,1905-01-10,1888-11-19,TRUE,1888-11-19,1905-01-10
6656,Baron Powis,,1804-05-14,1839-05-16,FALSE,1804-05-14,1839-05-16
3080,Baron Powis,,1839-05-17,1848-01-17,FALSE,1839-05-17,1848-01-17
3800,Baron Powis,,1848-01-18,1891-05-07,FALSE,1848-01-18,1891-05-07
12939,Baron Powis,,1891-05-08,1952-11-09,FALSE,1891-05-08,1952-11-09
2116,Baron Raglan,,1905-01-25,1855-06-28,TRUE,1855-06-28,1905-01-25
NA,Baron Raglan,Richard Henry Fitzroy Somerset,1855-06-29,1884-05-03,FALSE,1855-06-29,1884-05-03
NA,Baron Raglan,George Fitzroy Henry Somerset,1884-05-04,1921-10-24,FALSE,1884-05-04,1921-10-24
NA,Baron Ramsay,James Ramsay,1905-02-17,1880-07-20,TRUE,1880-07-20,1905-02-17
1405,Baron Ravensworth,,1821-07-17,1855-03-07,FALSE,1821-07-17,1855-03-07
2527,Baron Ravensworth,,1855-03-08,1878-03-19,FALSE,1855-03-08,1878-03-19
1257,Baron Rosebery,,1828-01-26,1868-03-04,FALSE,1828-01-26,1868-03-04
7306,Baron Rosebery,,1868-03-04,1929-05-21,FALSE,1868-03-04,1929-05-21
4004,Baron Selbourne,,1905-02-14,1895-05-04,TRUE,1895-05-04,1905-02-14
3245,Baron Spencer,,1904-12-10,1840-03-05,TRUE,1840-03-05,1904-12-10
6742,Baron Stanhope,,1786-03-08,1816-12-15,FALSE,1786-03-08,1816-12-15
1368,Baron Stanhope,,1816-12-16,1855-03-02,FALSE,1816-12-16,1855-03-02
2628,Baron Stanhope,,1855-03-03,1875-12-24,FALSE,1855-03-03,1875-12-24
5032,Baron Stanhope,,1875-12-25,1905-04-19,FALSE,1875-12-25,1905-04-19
7228,Baron Stanhope,,1905-04-20,1967-08-15,FALSE,1905-04-20,1967-08-15
NA,Baron Stanley Of Bickerstaffe,Edward Smith-Stanley,1905-01-05,1851-06-30,TRUE,1851-06-30,1905-01-05
NA,Baron Stanley Of Bickerstaffe,Edward Geroge Geoffrey Smith-Stanley,1905-01-17,1869-10-23,TRUE,1869-10-23,1905-01-17
4079,Baron Stanley Of Bickerstaffe,,1869-10-24,1893-04-21,FALSE,1869-10-24,1893-04-21
4918,Baron Stanley Of Bickerstaffe,,1893-04-22,1908-06-14,FALSE,1893-04-22,1908-06-14
7255,Baron Stanley Of Bickerstaffe,,1908-07-14,1948-02-04,FALSE,1908-07-14,1948-02-04
4918,Baron Stanley Of Preston,,1905-02-08,1908-06-14,FALSE,1905-02-08,1908-06-14
7255,Baron Stanley Of Preston,,1908-07-14,1948-02-04,FALSE,1908-07-14,1948-02-04
2409,Baron Stewart,,1834-03-28,1873-01-01,FALSE,1834-03-28,1873-01-01
5228,Baron Stewart,,1873-01-03,1901-02-07,FALSE,1873-01-03,1901-02-07
7184,Baron Stewart,,1901-02-08,1920-02-07,FALSE,1901-02-08,1920-02-07
NA,Baron Suffield,Harbord Harbord,1904-11-20,1810-02-04,TRUE,1810-02-04,1904-11-20
1512,Baron Suffield,,1810-02-05,1821-08-01,FALSE,1810-02-05,1821-08-01
1418,Baron Suffield,,1821-08-02,1835-07-01,FALSE,1821-08-02,1835-07-01
NA,Baron Suffield,Edward Vernon Harbord,1835-07-01,1905-01-26,FALSE,1835-07-01,1905-01-26
NA,Baron Suffield,Charles Harbord,1905-01-26,1914-04-09,FALSE,1905-01-26,1914-04-09
NA,Baron Temple,Henry Temple,1757-06-11,1802-04-17,FALSE,1757-06-11,1802-04-17
1584,Baron Temple,,1802-04-18,1865-10-18,FALSE,1802-04-18,1865-10-18
NA,Baron Teynham,Henry Roper,1904-11-20,1904-12-04,FALSE,1904-11-20,1904-12-04
NA,Baron Teynham,John Roper,1904-12-04,1904-12-28,FALSE,1904-12-04,1904-12-28
NA,Baron Teynham,Henry Francis Roper-Curzon,1904-12-28,1905-01-15,FALSE,1904-12-28,1905-01-15
NA,Baron Teynham,Henry Roper-Curzon,1905-01-15,1905-01-15,FALSE,1905-01-15,1905-01-15
NA,Baron Teynham,George Henry Roper-Curzon,1905-01-15,1905-03-03,FALSE,1905-01-15,1905-03-03
NA,Baron Teynham,Henry George Roper-Curzon,1905-03-03,1905-03-06,FALSE,1905-03-03,1905-03-06
NA,Baron Teynham,Henry John Philip Sidney Roper-Curzon,1905-03-06,1905-04-19,FALSE,1905-03-06,1905-04-19
7054,Baron Thring,,1905-02-28,1907-02-04,FALSE,1905-02-28,1907-02-04
4330,Baron Tweedmouth,,1905-02-23,1894-03-04,TRUE,1894-03-04,1905-02-23
5641,Baron Tweedmouth,,1894-03-05,1909-09-15,FALSE,1894-03-05,1909-09-15
NA,Baron Tyrone,George Pippy Beresford,1904-11-20,1800-12-03,TRUE,1800-12-03,1904-11-20
NA,Baron Tyrone,Henry De La Poer Beresford,1800-12-04,1826-07-06,FALSE,1800-12-04,1826-07-06
NA,Baron Tyrone,Henry De La Poer Beresford,1826-07-07,1859-03-29,FALSE,1826-07-07,1859-03-29
NA,Baron Tyrone,John De La Poer Beresford,1859-03-30,1866-11-06,FALSE,1859-03-30,1866-11-06
4948,Baron Tyrone,,1866-11-07,1895-10-23,FALSE,1866-11-07,1895-10-23
NA,Baron Tyrone,Henry De La Poer Beresford,1895-10-24,1911-12-01,FALSE,1895-10-24,1911-12-01
4117,Baron Westbury,,1905-02-03,1873-07-24,TRUE,1873-07-24,1905-02-03
NA,Baron Westbury,Richard Augustus Bethell,1873-07-25,1875-03-28,FALSE,1873-07-25,1875-03-28
NA,Baron Westbury,Richard Luttrell Pilkington Bethell,1875-03-29,1930-02-20,FALSE,1875-03-29,1930-02-20
6903,Baron Wodehouse,,1846-06-01,1902-04-08,FALSE,1846-06-01,1902-04-08
8277,Baron Wodehouse,,1902-04-09,1923-01-07,FALSE,1902-04-09,1923-01-07
NA,Baron Wolseley,Garnet Wolseley,1905-02-24,1913-03-25,FALSE,1905-02-24,1913-03-25
13023,Baroness Lucas,,1904-12-20,1833-03-04,TRUE,1833-03-04,1904-12-20
NA,Baroness Lucas,Anne Florence Cowper,1859-11-15,1905-02-22,FALSE,1859-11-15,1905-02-22
13023,Countess De Grey,,1797-01-11,1833-03-04,FALSE,1797-01-11,1833-03-04
NA,Duke Of Argyll,John Campbell,1770-11-09,1806-05-24,FALSE,1770-11-09,1806-05-24
6647,Duke Of Argyll,,1806-05-25,1839-10-22,FALSE,1806-05-25,1839-10-22
608,Duke Of Argyll,,1839-10-23,1847-04-25,FALSE,1839-10-23,1847-04-25
6592,Duke Of Argyll,,1847-04-26,1900-04-24,FALSE,1847-04-26,1900-04-24
NA,Duke Of Argyll,John George Edward Henry Douglas Southerland Campbell,1900-04-25,1914-05-02,FALSE,1900-04-25,1914-05-02
667,Duke Of Buckingham,,1904-12-26,1839-01-17,TRUE,1839-01-17,1904-12-26
NA,Duke Of Buckingham,Richard Temple-Nugent-Brydges-Chandos-Grenville,1839-01-18,1861-07-29,FALSE,1839-01-18,1861-07-29
3857,Duke Of Buckingham,,1861-07-30,1889-03-26,FALSE,1861-07-30,1889-03-26
6652,Duke Of Devonshire,,1764-10-02,1811-07-29,FALSE,1764-10-02,1811-07-29
6482,Duke Of Devonshire,,1811-07-30,1858-01-18,FALSE,1811-07-30,1858-01-18
2568,Duke Of Devonshire,,1858-01-19,1891-12-21,FALSE,1858-01-19,1891-12-21
4497,Duke Of Devonshire,,1891-12-22,1908-03-24,FALSE,1891-12-22,1908-03-24
6427,Duke Of Devonshire,,1908-03-25,1938-05-06,FALSE,1908-03-25,1938-05-06
NA,Duke Of Marlbrough,George Spencer,1758-10-20,1817-01-29,FALSE,1758-10-20,1817-01-29
3245,Duke Of Marlbrough,,1817-01-30,1840-03-05,FALSE,1817-01-30,1840-03-05
3245,Duke Of Marlbrough,,1840-03-04,1857-07-01,FALSE,1840-03-04,1857-07-01
3821,Duke Of Marlbrough,,1857-07-02,1883-07-04,FALSE,1857-07-02,1883-07-04
7021,Duke Of Marlbrough,,1883-07-05,1892-11-09,FALSE,1883-07-05,1892-11-09
7104,Duke Of Marlbrough,,1892-11-10,1934-06-30,FALSE,1892-11-10,1934-06-30
NA,Duke Of Newcastle,Henry Pelham Fiennes Pelham-Clinton,1795-05-18,1851-01-12,FALSE,1795-05-18,1851-01-12
3116,Duke Of Newcastle,,1851-01-13,1864-10-18,FALSE,1851-01-13,1864-10-18
4517,Duke Of Newcastle,,1864-10-19,1879-02-22,FALSE,1864-10-19,1879-02-22
NA,Duke Of Newcastle,Henry Pelham Archibald Douglas Pelham-Clinton,1879-02-23,1928-05-30,FALSE,1879-02-23,1928-05-30
3745,Duke Of Richmond And Gordon,,1860-10-21,1903-09-27,FALSE,1860-10-21,1903-09-27
5248,Duke Of Richmond And Gordon,,1903-09-28,1928-01-18,FALSE,1903-09-28,1928-01-18
NA,Duke Of Rutland,John Henry Manners,1904-11-21,1857-01-20,TRUE,1857-01-20,1904-11-21
NA,Duke Of Rutland,Charles Manners,1857-01-21,1888-03-03,FALSE,1857-01-21,1888-03-03
3706,Duke Of Rutland,,1888-03-04,1906-08-04,FALSE,1888-03-04,1906-08-04
NA,Duke Of Rutland,Henry John Brisly Manners,1906-08-05,1925-05-08,FALSE,1906-08-05,1925-05-08
2616,Duke Of Somerset,,1793-12-16,1885-11-28,FALSE,1793-12-16,1885-11-28
NA,Duke Of Somerset,Archibald Algernon Henry St Maur,1885-11-29,1891-10-28,FALSE,1885-11-29,1891-10-28
NA,Duke Of Somerset,Algernon Percy Banks St Maur,1891-10-29,1894-10-02,FALSE,1891-10-29,1894-10-02
NA,Duke Of Somerset,Algernon St Maur,1894-10-03,1923-10-22,FALSE,1894-10-03,1923-10-22
1299,Duke Of Wellington,,1814-05-11,1852-08-14,FALSE,1814-05-11,1852-08-14
2556,Duke Of Wellington,,1852-08-15,1884-08-13,FALSE,1852-08-15,1884-08-13
5337,Duke Of Wellington,,1884-08-14,1900-06-08,FALSE,1884-08-14,1900-06-08
7175,Duke Of Wellington,,1900-06-09,1934-06-18,FALSE,1900-06-09,1934-06-18
6637,Earl Bathurst,,1762-05-22,1834-07-27,FALSE,1762-05-22,1834-07-27
1711,Earl Bathurst,,1834-07-28,1866-05-25,FALSE,1834-07-28,1866-05-25
6893,Earl Bathurst,,1866-05-26,1878-02-24,FALSE,1866-05-26,1878-02-24
4444,Earl Bathurst,,1878-02-25,1892-08-01,FALSE,1878-02-25,1892-08-01
7093,Earl Bathurst,,1892-08-02,1943-09-21,FALSE,1892-08-02,1943-09-21
1895,Earl Cawdor,,1904-12-31,1860-11-07,TRUE,1860-11-07,1904-12-31
3717,Earl Cawdor,,1860-11-08,1898-03-29,FALSE,1860-11-08,1898-03-29
5367,Earl Cawdor,,1898-03-30,1911-02-08,FALSE,1898-03-30,1911-02-08
6848,Earl Cowper,,1856-04-16,1905-02-22,FALSE,1856-04-16,1905-02-22
6660,Earl Cowper,,1799-02-12,1837-06-21,FALSE,1799-02-12,1837-06-21
2896,Earl Cowper,,1837-06-22,1856-04-15,FALSE,1837-06-22,1856-04-15
6848,Earl Cowper,,1856-04-16,1905-07-18,FALSE,1856-04-16,1905-07-18
13017,Earl De Grey,,1833-03-05,1859-11-14,FALSE,1833-03-05,1859-11-14
6674,Earl Fortescue,,1789-09-01,1841-06-16,FALSE,1789-09-01,1841-06-16
NA,Earl Fortescue,Hugh Fortescue,1841-06-17,1861-09-14,FALSE,1841-06-17,1861-09-14
3719,Earl Fortescue,,1861-09-15,1905-10-10,FALSE,1861-09-15,1905-10-10
5856,Earl Fortescue,,1905-10-11,1932-10-29,FALSE,1905-10-11,1932-10-29
1080,Earl Granville,,1833-05-10,1846-01-08,FALSE,1833-05-10,1846-01-08
3445,Earl Granville,,1846-01-09,1891-03-31,FALSE,1846-01-09,1891-03-31
7086,Earl Granville,,1891-04-01,1939-07-21,FALSE,1891-04-01,1939-07-21
6679,Earl Grey,,1806-04-11,1807-11-14,FALSE,1806-04-11,1807-11-14
1522,Earl Grey,,1807-11-14,1845-07-17,FALSE,1807-11-14,1845-07-17
2516,Earl Grey,,1845-07-18,1894-10-09,FALSE,1845-07-18,1894-10-09
5118,Earl Grey,,1894-10-10,1917-08-29,FALSE,1894-10-10,1917-08-29
6772,Earl Nelson,,1904-12-09,1835-02-28,TRUE,1835-02-28,1904-12-09
NA,Earl Nelson,Thomas Nelson,1835-03-01,1835-11-01,FALSE,1835-03-01,1835-11-01
NA,Earl Nelson,Horatio Nelson,1835-11-02,1913-02-25,FALSE,1835-11-02,1913-02-25
6504,Earl Of Aboyne,,1904-11-29,1836-05-28,TRUE,1836-05-28,1904-11-29
1988,Earl Of Aboyne,,1836-05-29,1853-06-17,FALSE,1836-05-29,1853-06-17
6883,Earl Of Aboyne,,1853-06-18,1863-09-18,FALSE,1853-06-18,1863-09-18
6528,Earl Of Albemarle,,1772-10-01,1849-10-30,FALSE,1772-10-01,1849-10-30
2185,Earl Of Albemarle,,1849-10-31,1851-03-15,FALSE,1849-10-31,1851-03-15
3109,Earl Of Albemarle,,1851-03-16,1891-02-21,FALSE,1851-03-16,1891-02-21
4265,Earl Of Albemarle,,1891-02-22,1894-08-28,FALSE,1891-02-22,1894-08-28
7110,Earl Of Albemarle,,1894-08-28,1942-04-12,FALSE,1894-08-28,1942-04-12
6803,Earl Of Blessington,,1816-01-01,1829-05-25,FALSE,1816-01-01,1829-05-25
2568,Earl Of Burlington,,1834-05-04,1891-12-21,FALSE,1834-05-04,1891-12-21
4497,Earl Of Burlington,,1891-12-22,1908-03-24,FALSE,1891-12-22,1908-03-24
6427,Earl Of Burlington,,1908-03-25,1938-05-06,FALSE,1908-03-25,1938-05-06
6647,Earl Of Campbell,,1904-11-02,1904-11-04,FALSE,1904-11-02,1904-11-04
NA,Earl Of Camperdown,Robert Dundas Haldane-Duncan,1831-09-12,1859-12-22,FALSE,1831-09-12,1859-12-22
NA,Earl Of Camperdown,Adam Haldane-Duncan,1859-12-23,1867-01-30,FALSE,1859-12-23,1867-01-30
6905,Earl Of Camperdown,,1867-01-31,1918-06-05,FALSE,1867-01-31,1918-06-05
6693,Earl Of Carlisle,,1758-09-04,1825-09-04,FALSE,1758-09-04,1825-09-04
6887,Earl Of Carlisle,,1825-09-05,1889-03-29,FALSE,1825-09-05,1889-03-29
5618,Earl Of Carlisle,,1889-03-30,1911-04-16,FALSE,1889-03-30,1911-04-16
6687,Earl Of Carnarvon,,1793-07-03,1811-06-03,FALSE,1793-07-03,1811-06-03
734,Earl Of Carnarvon,,1811-06-04,1833-04-16,FALSE,1811-06-04,1833-04-16
2750,Earl Of Carnarvon,,1833-04-17,1849-12-10,FALSE,1833-04-17,1849-12-10
6605,Earl Of Carnarvon,,1849-12-11,1890-06-29,FALSE,1849-12-11,1890-06-29
7077,Earl Of Carnarvon,,1890-06-30,1923-04-05,FALSE,1890-06-30,1923-04-05
2817,Earl Of Cottenham,,1905-01-23,1851-04-29,TRUE,1851-04-29,1905-01-23
NA,Earl Of Cottenham,Charles Edward Pepys,1851-04-30,1905-02-05,FALSE,1851-04-30,1905-02-05
6884,Earl Of Cottenham,,1905-02-05,1905-02-23,FALSE,1905-02-05,1905-02-23
7001,Earl Of Cottenham,,1905-02-23,1905-04-02,FALSE,1905-02-23,1905-04-02
7037,Earl Of Crewe,,1895-07-17,1945-06-20,FALSE,1895-07-17,1945-06-20
6806,Earl Of Dalhousie,,1904-11-21,1838-03-21,TRUE,1838-03-21,1904-11-21
3493,Earl Of Dalhousie,,1838-03-22,1860-12-19,FALSE,1838-03-22,1860-12-19
3378,Earl Of Dalhousie,,1860-12-20,1874-07-06,FALSE,1860-12-20,1874-07-06
NA,Earl Of Dalhousie,James Ramsay,1874-07-07,1880-07-20,FALSE,1874-07-07,1880-07-20
5726,Earl Of Dalhousie,,1880-07-21,1887-11-25,FALSE,1880-07-21,1887-11-25
7059,Earl Of Dalhousie,,1887-11-26,1928-12-23,FALSE,1887-11-26,1928-12-23
6640,Earl Of Darnley,,1781-08-01,1831-03-17,FALSE,1781-08-01,1831-03-17
2015,Earl Of Darnley,,1831-03-18,1835-02-12,FALSE,1831-03-18,1835-02-12
NA,Earl Of Darnley,John Stuart Bligh,1835-02-13,1896-12-14,FALSE,1835-02-13,1896-12-14
7132,Earl Of Darnley,,1896-12-15,1900-10-31,FALSE,1896-12-15,1900-10-31
NA,Earl Of Darnley,Ivo Francis Walter Bligh,1900-11-01,1927-04-10,FALSE,1900-11-01,1927-04-10
NA,Earl Of Denbigh,Basil Feilding,1904-10-20,1800-07-14,TRUE,1800-07-14,1904-10-20
6498,Earl Of Denbigh,,1800-07-15,1865-06-25,FALSE,1800-07-15,1865-06-25
6891,Earl Of Denbigh,,1865-06-26,1892-03-10,FALSE,1865-06-26,1892-03-10
7097,Earl Of Denbigh,,1892-03-11,1939-11-25,FALSE,1892-03-11,1939-11-25
6738,Earl Of Derby,,1776-01-01,1834-12-31,FALSE,1776-01-01,1834-12-31
NA,Earl Of Derby,Edward Smith-Stanley,1834-01-01,1851-06-30,FALSE,1834-01-01,1851-06-30
NA,Earl Of Derby,Edward Geroge Geoffrey Smith-Stanley,1851-06-30,1869-10-23,FALSE,1851-06-30,1869-10-23
4079,Earl Of Derby,,1869-10-24,1893-04-21,FALSE,1869-10-24,1893-04-21
4918,Earl Of Derby,,1893-04-22,1908-06-14,FALSE,1893-04-22,1908-06-14
7255,Earl Of Derby,,1908-07-14,1948-02-04,FALSE,1908-07-14,1948-02-04
NA,Earl Of Desmond,Basil Feilding,1904-10-20,1800-07-14,TRUE,1800-07-14,1904-10-20
6498,Earl Of Desmond,,1800-07-15,1865-06-25,FALSE,1800-07-15,1865-06-25
6891,Earl Of Desmond,,1865-06-26,1892-03-10,FALSE,1865-06-26,1892-03-10
7097,Earl Of Desmond,,1892-03-11,1939-11-25,FALSE,1892-03-11,1939-11-25
6652,Earl Of Devonshire,,1764-10-02,1811-07-29,FALSE,1764-10-02,1811-07-29
6482,Earl Of Devonshire,,1811-07-30,1858-01-18,FALSE,1811-07-30,1858-01-18
2568,Earl Of Devonshire,,1858-01-19,1891-12-21,FALSE,1858-01-19,1891-12-21
4497,Earl Of Devonshire,,1891-12-22,1908-03-24,FALSE,1891-12-22,1908-03-24
6427,Earl Of Devonshire,,1908-03-25,1938-05-06,FALSE,1908-03-25,1938-05-06
6816,Earl Of Donoughmore Of Knockloftly,,1800-12-31,1825-08-22,FALSE,1800-12-31,1825-08-22
6695,Earl Of Donoughmore Of Knockloftly,,1825-08-23,1832-06-29,FALSE,1825-08-23,1832-06-29
2505,Earl Of Donoughmore Of Knockloftly,,1832-06-30,1851-08-14,FALSE,1832-06-30,1851-08-14
NA,Earl Of Donoughmore Of Knockloftly,Richard John Hely-Hutchinson,1851-08-15,1866-02-22,FALSE,1851-08-15,1866-02-22
6898,Earl Of Donoughmore Of Knockloftly,,1866-02-23,1900-12-05,FALSE,1866-02-23,1900-12-05
7171,Earl Of Donoughmore Of Knockloftly,,1900-12-06,1948-10-19,FALSE,1900-12-06,1948-10-19
758,Earl Of Dudley,,1904-12-31,1833-03-06,TRUE,1833-03-06,1904-12-31
NA,Earl Of Dufferin,Frederick Temple Hamilton-Temple-Blackwood,1905-02-13,1902-02-12,TRUE,1902-02-12,1905-02-13
1339,Earl Of Dundonald,,1831-07-02,1860-10-31,FALSE,1831-07-02,1860-10-31
NA,Earl Of Dundonald,Thomas Barnes Cochrane,1860-11-01,1885-01-15,FALSE,1860-11-01,1885-01-15
NA,Earl Of Dundonald,Douglas Mackinnon Baillie Hamilton Cochrane,1885-01-16,1935-04-12,FALSE,1885-01-16,1935-04-12
6781,Earl Of Eglinton,,1796-10-30,1819-12-14,FALSE,1796-10-30,1819-12-14
6546,Earl Of Eglinton,,1819-12-15,1861-10-04,FALSE,1819-12-15,1861-10-04
6873,Earl Of Eglinton,,1861-10-05,1892-08-30,FALSE,1861-10-05,1892-08-30
7100,Earl Of Eglinton,,1892-08-31,1919-08-10,FALSE,1892-08-31,1919-08-10
644,Earl Of Eldon,,1821-07-07,1838-01-13,FALSE,1821-07-07,1838-01-13
2563,Earl Of Eldon,,1838-01-14,1854-09-18,FALSE,1838-01-14,1854-09-18
6844,Earl Of Eldon,,1854-09-19,1905-04-09,FALSE,1854-09-19,1905-04-09
NA,Earl Of Eldon,John Scott,1905-04-09,1976-10-20,FALSE,1905-04-09,1976-10-20
1875,Earl Of Ellenborough,,1844-10-22,1871-12-22,FALSE,1844-10-22,1871-12-22
13019,Earl Of Farnham,,1800-10-08,1823-07-23,FALSE,1800-10-08,1823-07-23
1119,Earl Of Galloway,,1773-09-25,1806-11-13,FALSE,1773-09-25,1806-11-13
1246,Earl Of Galloway,,1806-11-14,1834-03-27,FALSE,1806-11-14,1834-03-27
2409,Earl Of Galloway,,1834-03-28,1873-01-02,FALSE,1834-03-28,1873-01-02
5228,Earl Of Galloway,,1873-01-03,1901-02-07,FALSE,1873-01-03,1901-02-07
7184,Earl Of Galloway,,1901-02-08,1920-02-07,FALSE,1901-02-08,1920-02-07
NA,Earl Of Glengall,Richard Butler,1904-12-20,1819-01-30,TRUE,1819-01-30,1904-12-20
2142,Earl Of Glengall,,1819-01-31,1858-06-22,FALSE,1819-01-31,1858-06-22
1110,Earl Of Harrowby,,1809-07-19,1847-12-26,FALSE,1809-07-19,1847-12-26
2172,Earl Of Harrowby,,1847-12-27,1882-11-19,FALSE,1847-12-27,1882-11-19
4406,Earl Of Harrowby,,1882-11-20,1900-03-26,FALSE,1882-11-20,1900-03-26
NA,Earl Of Harrowby,Henry Dudley Ryder,1900-03-27,1900-12-11,FALSE,1900-03-27,1900-12-11
7166,Earl Of Harrowby,,1900-12-12,1956-03-30,FALSE,1900-12-12,1956-03-30
6713,Earl Of Inchiquin,,1904-11-11,1904-12-04,FALSE,1904-11-11,1904-12-04
12973,Earl Of Inchiquin,,1808-02-11,1846-08-21,FALSE,1808-02-11,1846-08-21
676,Earl Of Kerry,,1818-07-04,1863-01-31,FALSE,1818-07-04,1863-01-31
3469,Earl Of Kerry,,1863-02-01,1866-07-05,FALSE,1863-02-01,1866-07-05
6899,Earl Of Kerry,,1866-07-06,1927-06-03,FALSE,1866-07-06,1927-06-03
6903,Earl Of Kimberley,,1867,1902,FALSE,1867,1902
8277,Earl Of Kimberley,,1903,1932-01-07,FALSE,1903,1932-01-07
NA,Earl Of Leitrim,Robert Clements,1904-11-29,1804-07-27,TRUE,1804-07-27,1904-11-29
6486,Earl Of Leitrim,,1804-07-28,1854-12-31,FALSE,1804-07-28,1854-12-31
3595,Earl Of Leitrim,,1855-01-01,1878-04-02,FALSE,1855-01-01,1878-04-02
6981,Earl Of Leitrim,,1878-04-03,1892-04-05,FALSE,1878-04-03,1892-04-05
7096,Earl Of Leitrim,,1892-04-06,1952-06-09,FALSE,1892-04-06,1952-06-09
6558,Earl Of Limerick,,1904-12-07,1844-12-07,TRUE,1844-12-07,1904-12-07
NA,Earl Of Limerick,William Henry Tennison Pery,1844-12-08,1905-02-08,FALSE,1844-12-08,1905-02-08
NA,Earl Of Limerick,William Hale John Charles Pery,1905-02-08,1896-08-08,TRUE,1896-08-08,1905-02-08
NA,Earl Of Limerick,William Henry Edmund De Vere Sheaffe,1896-08-09,1929-03-18,FALSE,1896-08-09,1929-03-18
NA,Earl Of Lincoln,Henry Pelham Fiennes Pelham-Clinton,1795-05-18,1851-01-12,FALSE,1795-05-18,1851-01-12
3116,Earl Of Lincoln,,1851-01-13,1864-10-18,FALSE,1851-01-13,1864-10-18
4517,Earl Of Lincoln,,1864-10-19,1879-02-22,FALSE,1864-10-19,1879-02-22
NA,Earl Of Lincoln,Henry Pelham Archibald Douglas Pelham-Clinton,1879-02-23,1928-05-30,FALSE,1879-02-23,1928-05-30
NA,Earl Of Liverpool,Charles Jenkinson,1904-11-30,1808-12-17,TRUE,1808-12-17,1904-11-30
6767,Earl Of Liverpool,,1808-12-18,1828-12-04,FALSE,1808-12-18,1828-12-04
1737,Earl Of Liverpool,,1828-12-05,1851-10-03,FALSE,1828-12-05,1851-10-03
5750,Earl Of Liverpool,,1905-03-19,1907-03-23,FALSE,1905-03-19,1907-03-23
NA,Earl Of Liverpool,Arthur William De Brito Savile Foljambe,1907-03-24,1941-05-15,FALSE,1907-03-24,1941-05-15
12947,Earl Of Longford,,1861,,TRUE,1861,
12948,Earl Of Longford,,1817,1860,FALSE,1817,1860
6819,1887,,1904-11-28,1835-05-28,TRUE,1835-05-28,1904-11-28
NA,Earl Of Longford,Edward Michael Pakenham,1835-05-29,1905-02-02,FALSE,1835-05-29,1905-02-02
12947,Earl Of Longford,,1905-02-02,1887-04-19,TRUE,1887-04-19,1905-02-02
NA,Earl Of Longford,Thomas Pakenham,1887-04-20,1915-08-21,FALSE,1887-04-20,1915-08-21
12983,Earl Of Lovelace,,1905-01-11,1905-03-07,FALSE,1905-01-11,1905-03-07
NA,Earl Of Lucan,Richard Bingham,1799-03-30,1839-06-30,FALSE,1799-03-30,1839-06-30
12946,Earl Of Lucan,,1839-06-30,1888-11-10,FALSE,1839-06-30,1888-11-10
4900,Earl Of Lucan,,1888-11-11,1914-06-05,FALSE,1888-11-11,1914-06-05
12945,Earl Of Mansfield,,1796-09-02,1840-02-18,FALSE,1796-09-02,1840-02-18
2585,Earl Of Mansfield,,1840-02-19,1898-08-01,FALSE,1840-02-19,1898-08-01
NA,Earl Of Mansfield,William David Murray,1898-08-02,1905-03-20,FALSE,1898-08-02,1905-03-20
NA,Earl Of Mansfield,Alan David Murray,1905-03-20,1905-04-18,FALSE,1905-03-20,1905-04-18
6468,Earl Of Meath,,1797-05-27,1851-03-15,FALSE,1797-05-27,1851-03-15
2645,Earl Of Meath,,1851-03-16,1887-05-26,FALSE,1851-03-16,1887-05-26
12944,Earl Of Meath,,1887-05-27,1929-10-11,FALSE,1887-05-27,1929-10-11
7306,Earl Of Midlothian,,1905-03-25,1929-05-21,FALSE,1905-03-25,1929-05-21
NA,Earl Of Milltown,Joseph Leeson,1904-11-17,1801-11-27,TRUE,1801-11-27,1904-11-17
NA,Earl Of Milltown,Brice Leeson,1801-11-28,1807-01-10,FALSE,1801-11-28,1807-01-10
NA,Earl Of Milltown,Joseph Leeson,1807-01-11,1866-01-31,FALSE,1807-01-11,1866-01-31
NA,Earl Of Milltown,Joseph Henry Leeson,1866-02-01,1905-02-13,FALSE,1866-02-01,1905-02-13
12942,Earl Of Milltown,,1905-02-13,1890-05-30,TRUE,1890-05-30,1905-02-13
NA,Earl Of Milltown,Henry Leeson,1890-05-31,1905-03-05,FALSE,1890-05-31,1905-03-05
6795,Earl Of Minto,,1813-02-24,1814-06-21,FALSE,1813-02-24,1814-06-21
1318,Earl Of Minto,,1814-06-22,1859-07-31,FALSE,1814-06-22,1859-07-31
3501,Earl Of Minto,,1859-08-01,1891-03-17,FALSE,1859-08-01,1891-03-17
12938,Earl Of Minto,,1891-03-18,1914-03-01,FALSE,1891-03-18,1914-03-01
2556,Earl Of Mornington,,1863-07-26,1884-08-13,FALSE,1863-07-26,1884-08-13
5337,Earl Of Mornington,,1884-08-14,1900-06-08,FALSE,1884-08-14,1900-06-08
7175,Earl Of Mornington,,1900-06-09,1934-06-18,FALSE,1900-06-09,1934-06-18
6583,Earl Of Mornington,,1781-05-23,1842-09-26,FALSE,1781-05-23,1842-09-26
1023,Earl Of Mornington,,1842-09-27,1845-02-22,FALSE,1842-09-27,1845-02-22
1823,Earl Of Mornington,,1845-02-23,1857-07-01,FALSE,1845-02-23,1857-07-01
6855,Earl Of Mornington,,1857-07-02,1863-07-25,FALSE,1857-07-02,1863-07-25
2102,Earl Of Mulgrave,,1831-04-08,1863-07-28,FALSE,1831-04-08,1863-07-28
4017,Earl Of Mulgrave,,1863-07-29,1890-04-03,FALSE,1863-07-29,1890-04-03
NA,Earl Of Mulgrave,Constantine Charles Henry Phipps,1890-04-04,1932-08-25,FALSE,1890-04-04,1932-08-25
4528,Earl Of Northbrook,,1876-06-10,1904-11-15,FALSE,1876-06-10,1904-11-15
5812,Earl Of Northbrook,,1904-11-16,1929-04-12,FALSE,1904-11-16,1929-04-12
NA,Earl Of Nottingham,George Finch,1769-08-03,1826-08-02,FALSE,1769-08-03,1826-08-02
NA,Earl Of Nottingham,George William Finch-Hatton,1826-08-03,1858-01-08,FALSE,1826-08-03,1858-01-08
3533,Earl Of Nottingham,,1858-01-09,1887-06-09,FALSE,1858-01-09,1887-06-09
5892,Earl Of Nottingham,,1887-06-10,1898-09-07,FALSE,1887-06-10,1898-09-07
NA,Earl Of Nottingham,Henry Stormont Finch-Hatton,1898-09-08,1927-08-14,FALSE,1898-09-08,1927-08-14
6656,Earl Of Powis,,1804-05-14,1839-05-16,FALSE,1804-05-14,1839-05-16
3080,Earl Of Powis,,1839-05-17,1848-01-17,FALSE,1839-05-17,1848-01-17
3800,Earl Of Powis,,1848-01-18,1891-05-07,FALSE,1848-01-18,1891-05-07
12939,Earl Of Powis,,1891-05-08,1952-11-09,FALSE,1891-05-08,1952-11-09
NA,Earl Of Radnor,Jacob Pleydell-Bouverie,1776-01-29,1828-01-27,FALSE,1776-01-29,1828-01-27
1045,Earl Of Radnor,,1828-01-28,1869-04-09,FALSE,1828-01-28,1869-04-09
NA,Earl Of Radnor,Jacob Pleydell-Bouverie,1869-04-10,1889-03-11,FALSE,1869-04-10,1889-03-11
5499,Earl Of Radnor,,1889-03-12,1900-06-03,FALSE,1889-03-12,1900-06-03
7160,Earl Of Radnor,,1900-06-04,1930-06-26,FALSE,1900-06-04,1930-06-26
2527,Earl Of Ravensworth,,1905-02-16,1878-03-19,TRUE,1878-03-19,1905-02-16
4264,Earl Of Ravensworth,,1878-03-20,1903-07-22,FALSE,1878-03-20,1903-07-22
7192,Earl Of Ravensworth,,1903-07-22,1904-02-07,FALSE,1903-07-22,1904-02-07
7214,Earl Of Ravensworth,,1904-02-08,1919-11-12,FALSE,1904-02-08,1919-11-12
NA,Earl Of Roden,Robert Jocelyn,1797-06-22,1820-06-29,FALSE,1797-06-22,1820-06-29
1439,Earl Of Roden,,1820-06-30,1870-03-20,FALSE,1820-06-30,1870-03-20
6932,Earl Of Roden,,1870-03-21,1880-01-09,FALSE,1870-03-21,1880-01-09
6984,Earl Of Roden,,1880-01-10,1897-07-03,FALSE,1880-01-10,1897-07-03
NA,Earl Of Roden,William Henry Jocelyn,1897-07-04,1905-03-24,FALSE,1897-07-04,1905-03-24
NA,Earl Of Rosebery,Neil Primrose,1904-10-30,1904-12-18,FALSE,1904-10-30,1904-12-18
1257,Earl Of Rosebery,,1904-12-18,1868-03-04,TRUE,1868-03-04,1904-12-18
7306,Earl Of Rosebery,,1868-03-04,1929-05-21,FALSE,1868-03-04,1929-05-21
NA,Earl Of Salisbury,James Cecil,1780-09-20,1823-06-13,FALSE,1780-09-20,1823-06-13
1966,Earl Of Salisbury,,1823-06-14,1868-04-12,FALSE,1823-06-14,1868-04-12
4342,Earl Of Salisbury,,1868-04-13,1903-08-22,FALSE,1868-04-13,1903-08-22
5988,Earl Of Salisbury,,1903-08-23,1947-04-04,FALSE,1903-08-23,1947-04-04
4004,Earl Of Selbourne,,1905-02-24,1895-05-04,TRUE,1895-05-04,1905-02-24
6138,Earl Of Selbourne,,1895-05-05,1942-02-26,FALSE,1895-05-05,1942-02-26
8646,Earl Of Selbourne,,1942-02-27,1971-09-03,FALSE,1942-02-27,1971-09-03
NA,Earl Of Shaftesbury,Anthony Ashley-Cooper,1771-05-28,1811-05-14,FALSE,1771-05-28,1811-05-14
751,Earl Of Shaftesbury,,1811-05-15,1851-06-02,FALSE,1811-05-15,1851-06-02
2518,Earl Of Shaftesbury,,1851-06-03,1885-10-01,FALSE,1851-06-03,1885-10-01
4494,Earl Of Shaftesbury,,1885-10-02,1886-04-13,FALSE,1885-10-02,1886-04-13
12941,Earl Of Shaftesbury,,1886-04-14,1961-03-25,FALSE,1886-04-14,1961-03-25
6722,Earl Of Shelburne,,1761-05-14,1805-05-07,FALSE,1761-05-14,1805-05-07
6773,Earl Of Shelburne,,1805-05-08,1809-11-15,FALSE,1805-05-08,1809-11-15
676,Earl Of Shelburne,,1809-11-16,1863-01-31,FALSE,1809-11-16,1863-01-31
3469,Earl Of Shelburne,,1863-02-01,1866-07-05,FALSE,1863-02-01,1866-07-05
6899,Earl Of Shelburne,,1866-07-06,1927-06-03,FALSE,1866-07-06,1927-06-03
NA,Earl Of Shrewsbury,Charles Talbot,1904-11-21,1904-12-31,FALSE,1904-11-21,1904-12-31
NA,Earl Of Shrewsbury,John Talbot,1904-12-31,1905-01-25,FALSE,1904-12-31,1905-01-25
NA,Earl Of Shrewsbury,Bertram Arthur Talbot,1905-01-25,1856-08-10,TRUE,1856-08-10,1905-01-25
2655,Earl Of Shrewsbury,,1905-01-31,1868-06-04,TRUE,1868-06-04,1905-01-31
4545,Earl Of Shrewsbury,,1868-06-05,1877-05-11,FALSE,1868-06-05,1877-05-11
NA,Earl Of Shrewsbury,Charles Henry John Chetwynd-Talbot,1877-05-12,1921-05-07,FALSE,1877-05-12,1921-05-07
3245,Earl Of Sunderland,,1793-12-27,1817-01-29,FALSE,1793-12-27,1817-01-29
3821,Earl Of Sunderland,,1904-12-26,1840-03-05,TRUE,1840-03-05,1904-12-26
7021,Earl Of Sunderland,,1844-05-13,1857-07-01,FALSE,1844-05-13,1857-07-01
7104,Earl Of Sunderland,,1871-11-13,1883-07-04,FALSE,1871-11-13,1883-07-04
NA,Earl Of Tryone,George Pippy Beresford,1763-04-05,1800-12-03,FALSE,1763-04-05,1800-12-03
NA,Earl Of Tryone,Henry De La Poer Beresford,1800-12-04,1826-07-06,FALSE,1800-12-04,1826-07-06
NA,Earl Of Tryone,Henry De La Poer Beresford,1826-07-07,1859-03-29,FALSE,1826-07-07,1859-03-29
NA,Earl Of Tryone,John De La Poer Beresford,1859-03-30,1866-11-06,FALSE,1859-03-30,1866-11-06
4948,Earl Of Tryone,,1866-11-07,1895-10-23,FALSE,1866-11-07,1895-10-23
NA,Earl Of Tryone,Henry De La Poer Beresford,1895-10-24,1911-12-01,FALSE,1895-10-24,1911-12-01
1299,Earl Of Wellington,,1812-02-28,1852-08-14,FALSE,1812-02-28,1852-08-14
2556,Earl Of Wellington,,1852-08-15,1884-08-13,FALSE,1852-08-15,1884-08-13
5337,Earl Of Wellington,,1884-08-14,1900-06-08,FALSE,1884-08-14,1900-06-08
7175,Earl Of Wellington,,1900-06-09,1934-06-18,FALSE,1900-06-09,1934-06-18
NA,Earl Of Winchelsea,George Finch,1769-08-03,1826-08-02,FALSE,1769-08-03,1826-08-02
NA,Earl Of Winchelsea,George William Finch-Hatton,1826-08-03,1858-01-08,FALSE,1826-08-03,1858-01-08
3533,Earl Of Winchelsea,,1858-01-09,1887-06-09,FALSE,1858-01-09,1887-06-09
5892,Earl Of Winchelsea,,1887-06-10,1898-09-07,FALSE,1887-06-10,1898-09-07
NA,Earl Of Winchelsea,Henry Stormont Finch-Hatton,1898-09-08,1927-08-14,FALSE,1898-09-08,1927-08-14
6546,Earl Of Winton,,1905-02-01,1861-10-04,TRUE,1861-10-04,1905-02-01
6873,Earl Of Winton,,1861-10-05,1892-08-30,FALSE,1861-10-05,1892-08-30
7100,Earl Of Winton,,1892-08-31,1919-08-10,FALSE,1892-08-31,1919-08-10
1885,Earl Russell,,1861-07-27,1878-05-28,FALSE,1861-07-27,1878-05-28
NA,Earl Russell,John Francis Stanley Russell,1878-05-30,1931-03-03,FALSE,1878-05-30,1931-03-03
6742,Earl Stanhope,,1786-03-08,1816-12-15,FALSE,1786-03-08,1816-12-15
1368,Earl Stanhope,,1816-12-16,1855-03-02,FALSE,1816-12-16,1855-03-02
2628,Earl Stanhope,,1855-03-05,1875-12-24,FALSE,1855-03-05,1875-12-24
5032,Earl Stanhope,,1875-12-25,1905-04-19,FALSE,1875-12-25,1905-04-19
7228,Earl Stanhope,,1905-04-20,1967-08-15,FALSE,1905-04-20,1967-08-15
2655,Earl Talbot,,1905-01-22,1905-01-31,FALSE,1905-01-22,1905-01-31
667,Earl Temple,,1904-11-18,1813-02-11,TRUE,1813-02-11,1904-11-18
NA,Earl Temple,Richard Temple-Nugent-Brydges-Chandos-Grenville,1813-02-12,1904-12-26,FALSE,1813-02-12,1904-12-26
3857,Earl Temple,,1823-09-10,1839-01-17,FALSE,1823-09-10,1839-01-17
7244,Earl Winterton,,1907-09-05,1962-08-26,FALSE,1907-09-05,1962-08-26
6722,Earl Wycombe Of Chepping Wycombe,,1784-12-06,1805-05-07,FALSE,1784-12-06,1805-05-07
6773,Earl Wycombe Of Chepping Wycombe,,1805-05-08,1809-11-15,FALSE,1805-05-08,1809-11-15
676,Earl Wycombe Of Chepping Wycombe,,1809-11-16,1863-01-31,FALSE,1809-11-16,1863-01-31
3469,Earl Wycombe Of Chepping Wycombe,,1863-02-01,1866-07-05,FALSE,1863-02-01,1866-07-05
6899,Earl Wycombe Of Chepping Wycombe,,1866-07-06,1927-06-03,FALSE,1866-07-06,1927-06-03
5948,Financial Secretary To The War Office,,1895-07-03,1901-01-01,FALSE,1895-07-03,1901-01-01
910,General Gascoyne,,1779-02-08,1841-08-26,FALSE,1779-02-08,1841-08-26
2595,Lord Belper,,1856-08-29,1880-06-30,FALSE,1856-08-29,1880-06-30
5088,Lord Belper,,1880-06-30,1914-07-26,FALSE,1880-06-30,1914-07-26
12946,Lord Bingham,,1800-04-16,1839-06-30,FALSE,1800-04-16,1839-06-30
4900,Lord Bingham,,1839-06-30,1888-11-10,FALSE,1839-06-30,1888-11-10
NA,Lord Binning,George Baillie-Hamilton,1856-12-24,1917-01-12,FALSE,1856-12-24,1917-01-12
2645,Lord Brabazon,,1904-12-30,1851-03-15,TRUE,1851-03-15,1904-12-30
12944,Lord Brabazon,,1851-03-16,1887-05-26,FALSE,1851-03-16,1887-05-26
4149,Lord Cairns,,1867-01-01,1885-04-02,FALSE,1867-01-01,1885-04-02
3984,Lord Carlingford,,1905-02-16,1905-03-12,FALSE,1905-02-16,1905-03-12
2015,Lord Clifton,,1795-02-25,1831-03-17,FALSE,1795-02-25,1831-03-17
NA,Lord Clifton,John Stuart Bligh,1831-03-18,1835-02-12,FALSE,1831-03-18,1835-02-12
7132,Lord Clifton,,1851-08-21,1896-12-14,FALSE,1851-08-21,1896-12-14
6656,Lord Clive,,1774-11-22,1804-05-13,FALSE,1774-11-22,1804-05-13
1339,Lord Cochrane,,1904-11-12,1831-07-01,TRUE,1831-07-01,1904-11-12
NA,Lord Cochrane,Thomas Barnes Cochrane,1831-07-02,1860-10-31,FALSE,1831-07-02,1860-10-31
NA,Lord Cochrane,Douglas Mackinnon Baillie Hamilton Cochrane,1860-11-01,1885-01-15,FALSE,1860-11-01,1885-01-15
6317,Lord Curzon Of Kedleston,,1898-01-01,1911-01-01,FALSE,1898-01-01,1911-01-01
NA,Lord Dalmeny,Neil Primrose,1904-10-30,1904-12-18,FALSE,1904-10-30,1904-12-18
1257,Lord Dalmeny,,1904-12-18,1868-03-04,TRUE,1868-03-04,1904-12-18
7306,Lord Dalmeny,,1868-03-04,1929-05-21,FALSE,1868-03-04,1929-05-21
4468,Lord Dunkellin,,1808-07-28,1867-08-16,FALSE,1808-07-28,1867-08-16
6762,Lord Ellenborough,,1802-04-11,1818-11-02,FALSE,1802-04-11,1818-11-02
1875,Lord Ellenborough,,1818-11-03,1871-12-22,FALSE,1818-11-03,1871-12-22
NA,Lord Elphinstone,John Elphinstone,1904-11-28,1904-12-17,FALSE,1904-11-28,1904-12-17
6868,Lord Elphinstone,,1904-12-17,1860-07-19,TRUE,1860-07-19,1904-12-17
NA,Lord Elphinstone,John Elphinstone,1860-07-20,1861-01-13,FALSE,1860-07-20,1861-01-13
7038,Lord Elphinstone,,1861-01-14,1893-01-18,FALSE,1861-01-14,1893-01-18
4264,Lord Eslington,,1905-02-16,1878-03-19,TRUE,1878-03-19,1905-02-16
7192,Lord Eslington,,1878-03-19,1903-07-22,FALSE,1878-03-19,1903-07-22
7214,Lord Eslington,,1904-02-08,1919-11-12,FALSE,1904-02-08,1919-11-12
1045,Lord Folkestone,,1904-12-04,1828-01-27,TRUE,1828-01-27,1904-12-04
1119,Lord Garlies,,1773-09-25,1806-11-13,FALSE,1773-09-25,1806-11-13
5228,Lord Garlies,,1835-10-21,1873-01-02,FALSE,1835-10-21,1873-01-02
7184,Lord Garlies,,1873-01-03,1901-02-07,FALSE,1873-01-03,1901-02-07
1707,Lord Glenelg,,1835-05-05,1866-04-23,FALSE,1835-05-05,1866-04-23
1707,Lord Glenelg,,1835-04-01,1866-04-23,FALSE,1835-04-01,1866-04-23
6677,Lord Grenville,,1790-11-27,1834-01-12,FALSE,1790-11-27,1834-01-12
NA,Lord Hawkesbury,Robert Jenkinson,1796-05-01,1808,FALSE,1796-05-01,1808
,Lord Hawkesbury,Cecil Foljambe,1893,1905,FALSE,1893,1905
7037,Lord Houghton,,1885-08-11,1945-06-20,FALSE,1885-08-11,1945-06-20
1885,Lord John Russell,,1792-08-18,1861-07-27,FALSE,1792-08-18,1861-07-27
12982,Lord King,,1904-12-04,1833-06-01,TRUE,1833-06-01,1904-12-04
12983,Lord King,,1833-06-01,1905-01-11,FALSE,1833-06-01,1905-01-11
12975,Lord Lovat,,1905-01-27,1875-06-28,TRUE,1875-06-28,1905-01-27
12976,Lord Lovat,,1875-06-29,1887-09-06,FALSE,1875-06-29,1887-09-06
12977,Lord Lovat,,1887-09-07,1933-02-18,FALSE,1887-09-07,1933-02-18
1023,Lord Maryborough,,1904-12-25,1842-09-26,TRUE,1842-09-26,1904-12-25
6546,Lord Montgomerie,,1904-12-18,1819-12-14,TRUE,1819-12-14,1904-12-18
1584,Lord Palmerston,,1904-11-18,1905-02-07,FALSE,1904-11-18,1905-02-07
3378,Lord Panmure,,1905-01-25,1860-12-19,TRUE,1860-12-19,1905-01-25
1757,Lord Plunkett,,1904-12-31,1854-01-05,TRUE,1854-01-05,1904-12-31
6687,Lord Porchester,,1780-10-17,1793-07-02,FALSE,1780-10-17,1793-07-02
734,Lord Porchester,,1793-07-03,1811-06-03,FALSE,1793-07-03,1811-06-03
2750,Lord Porchester,,1811-06-04,1833-04-16,FALSE,1811-06-04,1833-04-16
NA,Lord Porchester,Henry Howard Molyneux Herbert,1833-04-17,1849-12-10,FALSE,1833-04-17,1849-12-10
7077,Lord Porchester,,1849-12-11,1890-06-29,FALSE,1849-12-11,1890-06-29
NA,Lord Primrose And Dalmeny,Neil Primrose,1904-10-30,1904-12-18,FALSE,1904-10-30,1904-12-18
1257,Lord Primrose And Dalmeny,,1904-12-18,1868-03-04,TRUE,1868-03-04,1904-12-18
7306,Lord Primrose And Dalmeny,,1868-03-04,1929-05-21,FALSE,1868-03-04,1929-05-21
2616,Lord Seymour,,1804-12-31,1855-08-15,FALSE,1804-12-31,1855-08-15
NA,Lord Silchester,Thomas Pakenham,1864-10-19,1887-04-19,FALSE,1864-10-19,1887-04-19
1988,Lord Strathavon,,1904-11-28,1836-05-28,TRUE,1836-05-28,1904-11-28
6883,Lord Strathavon,,1836-05-29,1853-06-17,FALSE,1836-05-29,1853-06-17
6722,Lord Wycombe,,1761-05-14,1805-05-07,FALSE,1761-05-14,1805-05-07
6773,Lord Wycombe,,1805-05-08,1809-11-15,FALSE,1805-05-08,1809-11-15
676,Lord Wycombe,,1809-11-16,1863-01-31,FALSE,1809-11-16,1863-01-31
3469,Lord Wycombe,,1863-02-01,1866-07-05,FALSE,1863-02-01,1866-07-05
6899,Lord Wycombe,,1866-07-06,1927-06-03,FALSE,1866-07-06,1927-06-03
1009,Lord Wynford,,1829-06-05,1845-03-03,FALSE,1829-06-05,1845-03-03
2788,Lord Wynford,,1847,1865,FALSE,1847,1865
2999,Major Anson,,1904-12-18,1857-05-27,TRUE,1857-05-27,1904-12-18
5299,Major Nolan,,1872-02-08,1885-12-13,FALSE,1872-02-08,1885-12-13
7037,Marquess Crewe,,1911-07-03,1945-06-20,FALSE,1911-07-03,1945-06-20
3493,Marquess Dalhousie,,1905-01-22,1860-12-19,TRUE,1860-12-19,1905-01-22
NA,Marquess Of Blandford,George Spencer,1739-01-26,1758-10-20,FALSE,1739-01-26,1758-10-20
3245,Marquess Of Blandford,,1766-03-06,1817-01-29,FALSE,1766-03-06,1817-01-29
3245,Marquess Of Blandford,,1817-01-30,1840-03-05,FALSE,1817-01-30,1840-03-05
3821,Marquess Of Blandford,,1840-03-06,1857-07-01,FALSE,1840-03-06,1857-07-01
7021,Marquess Of Blandford,,1857-07-02,1883-07-04,FALSE,1857-07-02,1883-07-04
7104,Marquess Of Blandford,,1883-07-05,1892-11-09,FALSE,1883-07-05,1892-11-09
667,Marquess Of Buckingham,,1813-02-12,1904-12-26,FALSE,1813-02-12,1904-12-26
NA,Marquess Of Chandos,Richard Temple-Nugent-Brydges-Chandos-Grenville,1904-12-26,1839-01-17,TRUE,1839-01-17,1904-12-26
3857,Marquess Of Chandos,,1839-01-18,1861-07-29,FALSE,1839-01-18,1861-07-29
NA,Marquess Of Dufferin And Ava,Frederick Temple Hamilton-Temple-Blackwood,1905-03-02,1902-02-12,TRUE,1902-02-12,1905-03-02
NA,Marquess Of Dufferin And Ava,Terrence John Temple Hamilton-Temple-Blackwood,1902-02-12,1918-02-07,FALSE,1902-02-12,1918-02-07
NA,Marquess Of Granby,Charles Manners,1815-05-16,1857-01-20,FALSE,1815-05-16,1857-01-20
NA,Marquess Of Granby,Henry John Brisly Manners,1888-03-04,1906-08-04,FALSE,1888-03-04,1906-08-04
6652,Marquess Of Hartington,,1764-10-02,1811-07-29,FALSE,1764-10-02,1811-07-29
6482,Marquess Of Hartington,,1811-07-30,1858-01-18,FALSE,1811-07-30,1858-01-18
2568,Marquess Of Hartington,,1858-01-19,1891-12-21,FALSE,1858-01-19,1891-12-21
4497,Marquess Of Hartington,,1891-12-22,1908-03-24,FALSE,1891-12-22,1908-03-24
6427,Marquess Of Hartington,,1908-03-25,1938-05-06,FALSE,1908-03-25,1938-05-06
6504,Marquess Of Huntly,,1836-05-29,1853-06-17,FALSE,1836-05-29,1853-06-17
1988,Marquess Of Huntly,,1853-06-18,1863-09-18,FALSE,1853-06-18,1863-09-18
6883,Marquess Of Huntly,,1863-09-19,1937-02-20,FALSE,1863-09-19,1937-02-20
6722,Marquess Of Lansdowne,,1784-12-06,1805-05-07,FALSE,1784-12-06,1805-05-07
6773,Marquess Of Lansdowne,,1805-05-08,1809-11-15,FALSE,1805-05-08,1809-11-15
676,Marquess Of Lansdowne,,1809-11-16,1863-01-31,FALSE,1809-11-16,1863-01-31
3469,Marquess Of Lansdowne,,1863-02-01,1866-07-05,FALSE,1863-02-01,1866-07-05
6899,Marquess Of Lansdowne,,1866-07-06,1927-06-03,FALSE,1866-07-06,1927-06-03
NA,Marquess Of Lorne,John Campbell,1904-10-26,1770-11-08,TRUE,1770-11-08,1904-10-26
6647,Marquess Of Lorne,,1904-11-04,1806-05-24,TRUE,1806-05-24,1904-11-04
6592,Marquess Of Lorne,,1904-12-27,1847-04-25,TRUE,1847-04-25,1904-12-27
NA,Marquess Of Lorne,John George Edward Henry Douglas Southerland Campbell,1847-04-26,1900-04-24,FALSE,1847-04-26,1900-04-24
2102,Marquess Of Normanby,,1838-06-25,1863-07-28,FALSE,1838-06-25,1863-07-28
4017,Marquess Of Normanby,,1863-07-29,1890-04-03,FALSE,1863-07-29,1890-04-03
NA,Marquess Of Normanby,Constantine Charles Henry Phipps,1890-04-04,1932-08-25,FALSE,1890-04-04,1932-08-25
NA,Marquess Of Salisbury,James Cecil,1904-11-23,1823-06-13,TRUE,1823-06-13,1904-11-23
1966,Marquess Of Salisbury,,1823-06-14,1868-04-12,FALSE,1823-06-14,1868-04-12
4342,Marquess Of Salisbury,,1868-04-13,1903-08-22,FALSE,1868-04-13,1903-08-22
5988,Marquess Of Salisbury,,1903-08-23,1947-04-04,FALSE,1903-08-23,1947-04-04
4342,Marquess Of Salisbury,,1868-04-13,1903-08-22,FALSE,1868-04-13,1903-08-22
6713,Marquess Of Thomond,,1904-12-04,1808-02-10,TRUE,1808-02-10,1904-12-04
12974,Marquess Of Thomond,,1808-02-11,1846-08-21,FALSE,1808-02-11,1846-08-21
12973,Marquess Of Thomond,,1846-08-22,1855-07-03,FALSE,1846-08-22,1855-07-03
NA,Marquess Of Waterford,George Pippy Beresford,1904-11-23,1800-12-03,TRUE,1800-12-03,1904-11-23
NA,Marquess Of Waterford,Henry De La Poer Beresford,1800-12-04,1826-07-06,FALSE,1800-12-04,1826-07-06
NA,Marquess Of Waterford,Henry De La Poer Beresford,1826-07-07,1859-03-29,FALSE,1826-07-07,1859-03-29
NA,Marquess Of Waterford,John De La Poer Beresford,1859-03-30,1866-11-06,FALSE,1859-03-30,1866-11-06
4948,Marquess Of Waterford,,1866-11-07,1895-10-23,FALSE,1866-11-07,1895-10-23
NA,Marquess Of Waterford,Henry De La Poer Beresford,1895-10-24,1911-12-01,FALSE,1895-10-24,1911-12-01
1299,Marquess Of Wellington,,1812-10-03,1852-08-14,FALSE,1812-10-03,1852-08-14
2556,Marquess Of Wellington,,1852-08-15,1884-08-13,FALSE,1852-08-15,1884-08-13
5337,Marquess Of Wellington,,1884-08-14,1900-06-08,FALSE,1884-08-14,1900-06-08
7175,Marquess Of Wellington,,1900-06-09,1934-06-18,FALSE,1900-06-09,1934-06-18
6583,Marquess Wellesley,,1799-01-01,1842-09-26,FALSE,1799-01-01,1842-09-26
6583,Marquess Wellesley,,1904-12-03,1842-09-26,TRUE,1842-09-26,1904-12-03
8106,Mr Leif Jones,,1905-03-02,1910-12-31,FALSE,1905-03-02,1910-12-31
4534,R.a. Cross,,1823-05-30,1905-02-28,FALSE,1823-05-30,1905-02-28
1114,Secretary Canning,,1904-12-11,1904-12-13,FALSE,1904-12-11,1904-12-13
1707,Secretary Of State For War And The Colonies,,1835-04-18,1839-02-20,FALSE,1835-04-18,1839-02-20
7306,The Earl Of Rosebery,,1868-03-04,1929-05-21,FALSE,1868-03-04,1929-05-21
NA,Viscount Amberley,John Russell,1861-07-27,1876-01-09,FALSE,1861-07-27,1876-01-09
NA,Viscount Amberley,John Francis Stanley Russell,1876-01-09,1878-05-29,FALSE,1876-01-09,1878-05-29
6528,Viscount Bury,,1772-05-14,1772-10-01,FALSE,1772-05-14,1772-10-01
2185,Viscount Bury,,1904-12-08,1849-10-30,TRUE,1849-10-30,1904-12-08
4265,Viscount Bury,,1851-03-16,1891-02-21,FALSE,1851-03-16,1891-02-21
7110,Viscount Bury,,1891-02-22,1894-08-28,FALSE,1891-02-22,1894-08-28
2142,Viscount Cahir,,1904-12-20,1819-01-31,TRUE,1819-01-31,1904-12-20
6722,Viscount Calne And Calston,,1784-12-06,1805-05-07,FALSE,1784-12-06,1805-05-07
6773,Viscount Calne And Calston,,1805-05-08,1809-11-15,FALSE,1805-05-08,1809-11-15
676,Viscount Calne And Calston,,1809-11-16,1863-01-31,FALSE,1809-11-16,1863-01-31
3469,Viscount Calne And Calston,,1863-02-01,1866-07-05,FALSE,1863-02-01,1866-07-05
6899,Viscount Calne And Calston,,1866-07-06,1927-06-03,FALSE,1866-07-06,1927-06-03
676,Viscount Clanmaurice,,1818-07-04,1863-01-31,FALSE,1818-07-04,1863-01-31
3469,Viscount Clanmaurice,,1863-02-01,1866-07-05,FALSE,1863-02-01,1866-07-05
6899,Viscount Clanmaurice,,1866-07-06,1927-06-03,FALSE,1866-07-06,1927-06-03
6486,Viscount Clements,,1904-11-29,1804-07-27,TRUE,1804-07-27,1904-11-29
7096,Viscount Clements,,1879-06-23,1892-04-05,FALSE,1879-06-23,1892-04-05
6656,Viscount Clive,,1804-05-14,1839-05-16,FALSE,1804-05-14,1839-05-16
3080,Viscount Clive,,1839-05-17,1848-01-17,FALSE,1839-05-17,1848-01-17
3800,Viscount Clive,,1848-01-18,1891-05-07,FALSE,1848-01-18,1891-05-07
12939,Viscount Clive,,1891-05-08,1952-11-09,FALSE,1891-05-08,1952-11-09
667,Viscount Cobham,,1797-02-11,1813-02-11,FALSE,1797-02-11,1813-02-11
NA,Viscount Cranborne,James Cecil,1748-09-04,1780-09-19,FALSE,1748-09-04,1780-09-19
1966,Viscount Cranborne,,1791-04-17,1823-06-13,FALSE,1791-04-17,1823-06-13
4342,Viscount Cranborne,,1865-06-01,1868-04-12,FALSE,1865-06-01,1868-04-12
5988,Viscount Cranborne,,1905-02-10,1905-03-17,FALSE,1905-02-10,1905-03-17
4342,Viscount Cranborne,,1865-06-14,1868-04-12,FALSE,1865-06-14,1868-04-12
5988,Viscount Cranborne,,1868-04-13,1903-08-22,FALSE,1868-04-13,1903-08-22
4534,Viscount Cross,,1905-02-28,1914-01-08,FALSE,1905-02-28,1914-01-08
NA,Viscount Crowhurst,Charles Edward Pepys,1905-01-09,1851-04-29,TRUE,1851-04-29,1905-01-09
6884,Viscount Crowhurst,,1851-04-30,1905-02-05,FALSE,1851-04-30,1905-02-05
7001,Viscount Crowhurst,,1905-02-23,1905-04-02,FALSE,1905-02-23,1905-04-02
6816,Viscount Donoughmore Of Knockloftly,,1797-11-20,1825-08-22,FALSE,1797-11-20,1825-08-22
6695,Viscount Donoughmore Of Knockloftly,,1825-08-23,1832-06-29,FALSE,1825-08-23,1832-06-29
NA,Viscount Donoughmore Of Knockloftly,Richard John Hely-Hutchinson,1851-08-15,1866-02-22,FALSE,1851-08-15,1866-02-22
6898,Viscount Donoughmore Of Knockloftly,,1866-02-23,1900-12-05,FALSE,1866-02-23,1900-12-05
7171,Viscount Donoughmore Of Knockloftly,,1900-12-06,1948-10-19,FALSE,1900-12-06,1948-10-19
758,Viscount Dudley And Ward,,1823-04-25,1904-12-31,FALSE,1823-04-25,1904-12-31
NA,Viscount Duncan,Robert Dundas Haldane-Duncan,1804-08-04,1859-12-22,FALSE,1804-08-04,1859-12-22
NA,Viscount Duncan,Adam Haldane-Duncan,1831-09-12,1859-12-22,FALSE,1831-09-12,1859-12-22
6905,Viscount Duncan,,1859-12-23,1867-01-30,FALSE,1859-12-23,1867-01-30
NA,Viscount Ebrington,Hugh Fortescue,1789-09-01,1841-06-16,FALSE,1789-09-01,1841-06-16
3719,Viscount Ebrington,,1841-06-17,1861-09-14,FALSE,1841-06-17,1861-09-14
5856,Viscount Ebrington,,1861-09-15,1905-10-10,FALSE,1861-09-15,1905-10-10
3717,Viscount Emlyn,,1904-12-31,1860-11-07,TRUE,1860-11-07,1904-12-31
5367,Viscount Emlyn,,1860-11-08,1898-03-29,FALSE,1860-11-08,1898-03-29
644,Viscount Encombe,,1821-07-07,1838-01-13,FALSE,1821-07-07,1838-01-13
6844,Viscount Encombe,,1905-01-18,1854-09-19,TRUE,1854-09-19,1905-01-18
NA,Viscount Encombe,John Scott,1905-02-12,1905-03-14,FALSE,1905-02-12,1905-03-14
NA,Viscount Encombe,John Scott,1905-03-14,1905-04-09,FALSE,1905-03-14,1905-04-09
6498,Viscount Feilding,,1904-12-03,1800-07-14,TRUE,1800-07-14,1904-12-03
6891,Viscount Feilding,,1823-04-09,1865-06-25,FALSE,1823-04-09,1865-06-25
7097,Viscount Feilding,,1865-06-26,1892-03-10,FALSE,1865-06-26,1892-03-10
6722,Viscount Fitzmaurice,,1761-05-14,1805-05-07,FALSE,1761-05-14,1805-05-07
6773,Viscount Fitzmaurice,,1805-05-08,1809-11-15,FALSE,1805-05-08,1809-11-15
676,Viscount Fitzmaurice,,1809-11-16,1863-01-31,FALSE,1809-11-16,1863-01-31
3469,Viscount Fitzmaurice,,1863-02-01,1866-07-05,FALSE,1863-02-01,1866-07-05
6899,Viscount Fitzmaurice,,1866-07-06,1927-06-03,FALSE,1866-07-06,1927-06-03
1045,Viscount Folkestone,,1904-12-04,1828-01-27,TRUE,1828-01-27,1904-12-04
NA,Viscount Folkestone,Jacob Pleydell-Bouverie,1828-01-28,1869-04-09,FALSE,1828-01-28,1869-04-09
5499,Viscount Folkestone,,1869-04-10,1889-03-11,FALSE,1869-04-10,1889-03-11
7160,Viscount Folkestone,,1889-03-12,1900-06-03,FALSE,1889-03-12,1900-06-03
NA,Viscount Folkestone,William Pleydell-Bouverie,1900-06-04,1930-06-26,FALSE,1900-06-04,1930-06-26
6848,Viscount Fordwich,,1905-01-10,1856-04-15,TRUE,1856-04-15,1905-01-10
6660,Viscount Fordwich,,1904-11-23,1799-02-11,TRUE,1799-02-11,1904-11-23
2896,Viscount Fordwich,,1837-06-22,1837-06-21,TRUE,1837-06-21,1837-06-22
6848,Viscount Fordwich,,1837-06-22,1856-04-15,FALSE,1837-06-22,1856-04-15
1246,Viscount Garlies,,1806-11-14,1834-03-27,FALSE,1806-11-14,1834-03-27
NA,Viscount Glentworth,William Hale John Charles Pery,1844-12-08,1905-02-08,FALSE,1844-12-08,1905-02-08
NA,Viscount Glentworth,William Henry Edmund De Vere Sheaffe,1905-02-08,1896-08-08,TRUE,1896-08-08,1905-02-08
7756,Viscount Goschen,,1905-03-14,1907-02-07,FALSE,1905-03-14,1907-02-07
7756,Viscount Goschen,,1907-02-08,1952-07-24,FALSE,1907-02-08,1952-07-24
1080,Viscount Granville,,1815-08-12,1846-01-08,FALSE,1815-08-12,1846-01-08
1080,Viscount Granville Of Stone Park,,1814-08-12,1846-01-08,FALSE,1814-08-12,1846-01-08
3445,Viscount Granville Of Stone Park,,1846-01-09,1891-03-31,FALSE,1846-01-09,1891-03-31
7086,Viscount Granville Of Stone Park,,1891-04-01,1939-07-21,FALSE,1891-04-01,1939-07-21
2213,Viscount Hardinge,,1846-04-07,1856-09-24,FALSE,1846-04-07,1856-09-24
4130,Viscount Hardinge,,1856-09-25,1894-07-28,FALSE,1856-09-25,1894-07-28
12940,Viscount Hardinge,,1894-07-29,1905-04-07,FALSE,1894-07-29,1905-04-07
6679,Viscount Howick,,1806-04-11,1807-11-14,FALSE,1806-04-11,1807-11-14
1522,Viscount Howick,,1807-11-14,1845-07-17,FALSE,1807-11-14,1845-07-17
2516,Viscount Howick,,1845-07-18,1894-10-09,FALSE,1845-07-18,1894-10-09
5118,Viscount Howick,,1894-10-10,1917-08-29,FALSE,1894-10-10,1917-08-29
6816,Viscount Hutchinson Of Knockloftly,,1821-07-14,1825-08-22,FALSE,1821-07-14,1825-08-22
6695,Viscount Hutchinson Of Knockloftly,,1825-08-23,1832-06-29,FALSE,1825-08-23,1832-06-29
2505,Viscount Hutchinson Of Knockloftly,,1832-06-30,1851-08-14,FALSE,1832-06-30,1851-08-14
NA,Viscount Hutchinson Of Knockloftly,Richard John Hely-Hutchinson,1851-08-15,1866-02-22,FALSE,1851-08-15,1866-02-22
6898,Viscount Hutchinson Of Knockloftly,,1866-02-23,1900-12-05,FALSE,1866-02-23,1900-12-05
7171,Viscount Hutchinson Of Knockloftly,,1900-12-06,1948-10-19,FALSE,1900-12-06,1948-10-19
2655,Viscount Ingestre,,1904-12-30,1905-01-22,FALSE,1904-12-30,1905-01-22
4545,Viscount Ingestre,,1905-01-22,1868-06-04,TRUE,1868-06-04,1905-01-22
NA,Viscount Ingestre,Charles Henry John Chetwynd-Talbot,1868-06-05,1877-05-11,FALSE,1868-06-05,1877-05-11
1439,Viscount Jocelyn,,1797-06-22,1820-06-29,FALSE,1797-06-22,1820-06-29
3785,Viscount Jocelyn,,1820-06-30,1854-08-12,FALSE,1820-06-30,1854-08-12
6932,Viscount Jocelyn,,1854-08-13,1870-03-21,FALSE,1854-08-13,1870-03-21
6984,Viscount Jocelyn,,1880-01-10,1897-07-03,FALSE,1880-01-10,1897-07-03
NA,Viscount Jocelyn,William Henry Jocelyn,1897-07-04,1905-03-24,FALSE,1897-07-04,1905-03-24
6558,Viscount Limerick,,1904-12-04,1904-12-07,FALSE,1904-12-04,1904-12-07
NA,Viscount Limerick,William Henry Tennison Pery,1904-12-16,1844-12-07,TRUE,1844-12-07,1904-12-16
1368,Viscount Mahon,,1786-03-08,1816-12-15,FALSE,1786-03-08,1816-12-15
1368,Viscount Mahon,,1816-12-16,1855-03-02,FALSE,1816-12-16,1855-03-02
5032,Viscount Mahon,,1855-03-05,1875-12-24,FALSE,1855-03-05,1875-12-24
7228,Viscount Mahon,,1880-11-11,1905-04-19,FALSE,1880-11-11,1905-04-19
3533,Viscount Maidstone,,1826-08-03,1858-01-08,FALSE,1826-08-03,1858-01-08
6805,Viscount Melbourne,,1815-08-11,1828-07-22,FALSE,1815-08-11,1828-07-22
1285,Viscount Melbourne,,1828-07-23,1848-11-24,FALSE,1828-07-23,1848-11-24
NA,Viscount Melbourne,Frederick Lamb,1848-11-25,1853-01-29,FALSE,1848-11-25,1853-01-29
6795,Viscount Melgund,,1904-12-17,1814-06-21,TRUE,1814-06-21,1904-12-17
1318,Viscount Melgund,,1814-06-22,1859-07-31,FALSE,1814-06-22,1859-07-31
3501,Viscount Melgund,,1859-08-01,1891-03-17,FALSE,1859-08-01,1891-03-17
5208,Viscount Midleton,,1870-08-29,1907-04-18,FALSE,1870-08-29,1907-04-18
5790,Viscount Midleton,,1907-04-19,1920-01-01,FALSE,1907-04-19,1920-01-01
7182,Viscount Milner,,1902-07-15,1925-05-13,FALSE,1902-07-15,1925-05-13
6803,Viscount Mountjoy,,1798-01-01,1829-05-25,FALSE,1798-01-01,1829-05-25
2102,Viscount Normanby,,1831-04-08,1863-07-28,FALSE,1831-04-08,1863-07-28
4017,Viscount Normanby,,1863-07-29,1890-04-03,FALSE,1863-07-29,1890-04-03
NA,Viscount Normanby,Constantine Charles Henry Phipps,1890-04-04,1932-08-25,FALSE,1890-04-04,1932-08-25
5812,Viscount Northbrook,,1905-02-18,1904-11-15,TRUE,1904-11-15,1905-02-18
NA,Viscount Of Inverkeithing,Neil Primrose,1904-10-30,1904-12-18,FALSE,1904-10-30,1904-12-18
1257,Viscount Of Inverkeithing,,1904-12-18,1868-03-04,TRUE,1868-03-04,1904-12-18
7306,Viscount Of Inverkeithing,,1868-03-04,1929-05-21,FALSE,1868-03-04,1929-05-21
NA,Viscount Of Rosebery,Neil Primrose,1904-10-30,1904-12-18,FALSE,1904-10-30,1904-12-18
1257,Viscount Of Rosebery,,1904-12-18,1868-03-04,TRUE,1868-03-04,1904-12-18
7306,Viscount Of Rosebery,,1868-03-04,1929-05-21,FALSE,1868-03-04,1929-05-21
12945,Viscount Of Stormont,,1793-03-20,1796-09-01,FALSE,1793-03-20,1796-09-01
2585,Viscount Of Stormont,,1806-02-21,1840-02-18,FALSE,1806-02-21,1840-02-18
NA,Viscount Of Stormont,William David Murray,1905-02-02,1898-08-01,TRUE,1898-08-01,1905-02-02
NA,Viscount Of Stormont,Alan David Murray,1898-08-02,1905-03-20,FALSE,1898-08-02,1905-03-20
NA,Viscount Palmerston,Henry Temple,1757-06-11,1802-04-17,FALSE,1757-06-11,1802-04-17
1584,Viscount Palmerston,,1802-04-18,1865-10-18,FALSE,1802-04-18,1865-10-18
2335,Viscount Portman,,1905-02-15,1888-11-19,TRUE,1888-11-19,1905-02-15
4287,Viscount Portman,,1888-11-20,1919-10-16,FALSE,1888-11-20,1919-10-16
NA,Viscount Russborough,Joseph Leeson,1801-11-28,1807-01-10,FALSE,1801-11-28,1807-01-10
1110,Viscount Sandon,,1809-07-19,1847-12-26,FALSE,1809-07-19,1847-12-26
4406,Viscount Sandon,,1847-12-27,1882-11-19,FALSE,1847-12-27,1882-11-19
7166,Viscount Sandon,,1900-03-27,1900-12-11,FALSE,1900-03-27,1900-12-11
745,Viscount Sidmouth,,1805-01-12,1844-02-15,FALSE,1805-01-12,1844-02-15
NA,Viscount Sidmouth,William Leonard Addington,1844-02-16,1864-03-25,FALSE,1844-02-16,1864-03-25
4765,Viscount Sidmouth,,1864-03-26,1913-12-28,FALSE,1864-03-26,1913-12-28
1875,Viscount Southam,,1844-10-22,1871-12-22,FALSE,1844-10-22,1871-12-22
NA,Viscount Strangford,Lionel Smythe,1787-04-30,1904-12-05,FALSE,1787-04-30,1904-12-05
NA,Viscount Strangford,Percy Clinton Sydney Smythe,1904-12-05,1855-05-29,TRUE,1855-05-29,1904-12-05
NA,Viscount Strangford,George Smythe,1855-05-30,1857-11-23,FALSE,1855-05-30,1857-11-23
NA,Viscount Strangford,Percy Ellen Algernon Frederick William Sydney Smythe,1857-11-24,1869-01-09,FALSE,1857-11-24,1869-01-09
2549,Viscount Stratford De Redcliffe,,1905-01-25,1880-08-14,TRUE,1880-08-14,1905-01-25
1823,Viscount Wellesley,,1842-09-27,1845-02-22,FALSE,1842-09-27,1845-02-22
6855,Viscount Wellesley,,1845-02-23,1857-07-01,FALSE,1845-02-23,1857-07-01
2556,Viscount Wellesley Of Dangan Castle,,1863-07-26,1884-08-13,FALSE,1863-07-26,1884-08-13
5337,Viscount Wellesley Of Dangan Castle,,1884-08-14,1900-06-08,FALSE,1884-08-14,1900-06-08
7175,Viscount Wellesley Of Dangan Castle,,1900-06-09,1934-06-18,FALSE,1900-06-09,1934-06-18
1299,Viscount Wellington,,1809-08-04,1852-08-14,FALSE,1809-08-04,1852-08-14
2556,Viscount Wellington,,1852-08-15,1884-08-13,FALSE,1852-08-15,1884-08-13
5337,Viscount Wellington Of Talavera And Of Wellington,,1884-08-14,1900-06-08,FALSE,1884-08-14,1900-06-08
7175,Viscount Wellington Of Talavera And Of Wellington,,1900-06-09,1934-06-18,FALSE,1900-06-09,1934-06-18
6138,Viscount Wolmer,,1905-02-24,1895-05-04,TRUE,1895-05-04,1905-02-24
8646,Viscount Wolmer,,1895-05-05,1942-02-26,FALSE,1895-05-05,1942-02-26
NA,Viscount Wolseley,Garnet Wolseley,1905-02-27,1913-03-25,FALSE,1905-02-27,1913-03-25
6009,Admiral Field,,1885,1900,FALSE,1885,1900
3003,Admiral Dundas,,1842,1850,FALSE,1842,1850
,Viscount Macduff,Alexander Duff,1875,1879,FALSE,1875,1879
6576,Marquess of Bath,,1852,1896,FALSE,1852,1896
6267,Marquess of Bath,,1896,1946,FALSE,1896,1946
,Lord Monson,Frederick Monson,1831,1840,FALSE,1831,1840
,Lord Monson,William Monson,1880,1885,FALSE,1880,1885
6541,Lord Wharncliffe,,1826,1845,FALSE,1826,1845
1679,Lord Brougham,,1835,1845,FALSE,1835,1845
900001,Lord Lyndhurst,,1830,1861,FALSE,1830,1861
2286,Lord Monteagle,,1840,1866,FALSE,1840,1866
900002,Lord Monteagle,,1873,1910,FALSE,1873,1910
900002,Lord Monteagle of Brandon,,1873,1910,FALSE,1873,1910
6473,Marquess Of Clanricarde,,1833,1873,FALSE,1833,1873
5022,Marquess Of Clanricarde,,1894,1894,FALSE,1894,1894
6505,Duke of Richmond,,1819,1860,FALSE,1819,1860
3745,Duke of Richmond,,1885,1885,FALSE,1885,1885
6757,Earl of Hardwicke,,1790,1834,FALSE,1790,1834
2818,Earl of Hardwicke,,1835,1873,FALSE,1835,1873
4826,Earl of Hardwicke,,1874,1897,FALSE,1874,1897
7146,Earl of Hardwicke,,1898,1904,FALSE,1898,1904
6941,Earl of Dunraven,,1872,1926,FALSE,1872,1926
1284,Marquess of Londonderry,,1769,1822,FALSE,1769,1822
1284,Viscount Castlereagh,,1769,1822,FALSE,1769,1822
11031,Marquess of Londonderry,,1823,1854,FALSE,1823,1854
2947,Viscount Castlereagh,,1822,1824,FALSE,1822,1824
2947,Marquess of Londonderry,,1855,1872,FALSE,1855,1872
3928,Marquess of Londonderry,,1872,1884,FALSE,1872,1884
5600,Marquess of Londonderry,,1885,1915,FALSE,1885,1915
2466,Viscount Morpeth,,1825,1848,FALSE,1825,1848
7285,Viscount Morpeth,,1889,1910,FALSE,1889,1910
3763,Earl of Malmesbury,,1842,1889,FALSE,1842,1889
836,Earl of Malmesbury,,1820,1841,FALSE,1820,1841
6741,Earl Spencer,,1783,1834,FALSE,1783,1834
2813,Earl Spencer,,1835,1857,FALSE,1835,1857
5747,Earl Spencer,,1857,1910,FALSE,1857,1910
2947,Viscount Castlereagh,,1825,1854,FALSE,1825,1854
5600,Viscount Castlereagh,,1872,1884,FALSE,1872,1884
7343,Viscount Castlereagh,,1884,1915,FALSE,1884,1915
1234,Lord Althorp,,1783,1834,FALSE,1783,1834
4523,Lord Althorp,,1845,1857,FALSE,1845,1857
5747,Lord Althorp,,1905,1910,FALSE,1905,1910
6903,Earl of Kimberley,,1826,1902,FALSE,1826,1902
5022,Marquess of Clanricarde,,1832,1894,FALSE,1832,1894
6580,Marquess of Clanricarde,,1839,1869,FALSE,1839,1869
6939,Marquess of Ripon,,1871,1909,FALSE,1871,1909
2738,Lord Stanley of Alderley,,1852,1869-6-16,,1852,1869-6-16